experiment_accession	fold	profile_pearson	profile_spearman	count_pearson	count_spearman
ENCSR969QKG	0	0.26175	0.11348	0.87741	0.83509
ENCSR653ISV	0	0.37843	0.20275	0.87071	0.83428
ENCSR624CTU	0	0.61352	0.20508	0.70132	0.66406
ENCSR820WLP	0	0.41012	0.21820	0.76929	0.71878
ENCSR385AMY	0	0.32171	0.12356	0.78221	0.72458
ENCSR000EMT	0	0.33864	0.09917	0.63081	0.58189
ENCSR226LVB	0	0.34398	0.10735	0.83465	0.79041
ENCSR559WMK	0	0.51863	0.26597	0.75901	0.70752
ENCSR316UDN	0	0.54946	0.32396	0.76434	0.68780
ENCSR531UVE	0	0.19536	0.06140	0.88674	0.82568
ENCSR329XFZ	0	0.64765	0.20177	0.74047	0.68598
ENCSR426TPQ	0	0.49689	0.23935	0.71094	0.64184
ENCSR149XIL	0	0.45961	0.20545	0.64857	0.59159
ENCSR000EPH	0	0.50730	0.16182	0.50659	0.49238
ENCSR552QUA	0	0.83116	0.47770	0.79634	0.73102
ENCSR599JZA	0	0.36281	0.13699	0.91471	0.89610
ENCSR193LYA	0	0.31503	0.08867	0.74609	0.70793
ENCSR096BPX	0	0.49615	0.11954	0.82248	0.81351
ENCSR000EOH	0	0.57552	0.26223	0.66342	0.62057
ENCSR508FVM	0	0.33581	0.10452	0.87225	0.84461
ENCSR207TUX	0	0.47006	0.20047	0.70501	0.66125
ENCSR271QID	0	0.33732	0.12517	0.90450	0.88165
ENCSR899YEP	0	0.61568	0.18879	0.71312	0.66422
ENCSR577QZP	0	0.31122	0.10414	0.90023	0.88830
ENCSR318WOD	0	0.31438	0.08906	0.62746	0.59920
ENCSR947VPG	0	0.35823	0.10054	0.67075	0.62047
ENCSR534OJE	0	0.18600	0.04689	0.86273	0.76997
ENCSR303PWB	0	0.81292	0.43064	0.79890	0.73202
ENCSR305QTE	0	0.70627	0.28664	0.83002	0.76076
ENCSR165FYY	0	0.68535	0.25149	0.74008	0.74339
ENCSR177NIJ	0	0.45589	0.18122	0.89111	0.86252
ENCSR679IFH	0	0.22158	0.04714	0.72157	0.65754
ENCSR452COS	0	0.75944	0.33404	0.80752	0.72033
ENCSR032NNU	0	0.42350	0.17076	0.86370	0.82004
ENCSR713KNQ	0	0.38591	0.15823	0.87065	0.83629
ENCSR805RJA	0	0.33813	0.13503	0.85501	0.80916
ENCSR134IUJ	0	0.38553	0.15117	0.82979	0.78077
ENCSR033DQS	0	0.25694	0.06799	0.72253	0.67831
ENCSR223KKX	0	0.37145	0.19866	0.85887	0.80143
ENCSR937UWI	0	0.44571	0.24579	0.75868	0.64464
ENCSR111LTT	0	0.25564	0.09676	0.85072	0.78737
ENCSR236KPK	0	0.43481	0.20990	0.81037	0.74673
ENCSR636DIR	0	0.25181	0.09642	0.86726	0.78547
ENCSR037PIU	0	0.36653	0.13970	0.81159	0.76556
ENCSR940CXU	0	0.39711	0.19091	0.94302	0.91890
ENCSR222SCA	0	0.61486	0.20718	0.75969	0.70615
ENCSR656KLT	0	0.50477	0.22607	0.73561	0.68759
ENCSR543WNA	0	0.25026	0.08650	0.88212	0.83375
ENCSR650TZF	0	0.31951	0.09880	0.87731	0.84139
ENCSR284VNJ	0	0.20426	0.05556	0.89033	0.81108
ENCSR932KWJ	0	0.52412	0.24662	0.66988	0.63661
ENCSR396EWH	0	0.32187	0.15292	0.85172	0.79272
ENCSR486FMF	0	0.33324	0.11111	0.83924	0.80502
ENCSR821JHD	0	0.62163	0.20559	0.71345	0.66723
ENCSR785JXR	0	0.46267	0.20058	0.89647	0.86293
ENCSR632ONQ	0	0.37435	0.15555	0.93331	0.92439
ENCSR548SSP	0	0.74869	0.35248	0.85798	0.78371
ENCSR017TFH	0	0.27044	0.06401	0.77795	0.72982
ENCSR000EME	0	0.42637	0.11822	0.63081	0.59599
ENCSR002IHL	0	0.37613	0.14140	0.91939	0.89368
ENCSR283LPH	0	0.78567	0.41101	0.70908	0.72609
ENCSR098PTC	0	0.49496	0.25693	0.72933	0.68054
ENCSR335LOQ	0	0.30225	0.07911	0.81336	0.77689
ENCSR520BAD	0	0.41137	0.18692	0.72580	0.67290
ENCSR174GXG	0	0.26803	0.06550	0.74681	0.69820
ENCSR440FZS	0	0.52805	0.29275	0.74407	0.69873
ENCSR000ENM	0	0.42112	0.12680	0.67550	0.64333
ENCSR044ATC	0	0.80621	0.39945	0.76004	0.70600
ENCSR563HBG	0	0.41075	0.16151	0.86428	0.82406
ENCSR422IIZ	0	0.22543	0.06421	0.85968	0.82778
ENCSR953JVX	0	0.22188	0.06362	0.82113	0.76393
ENCSR724QTW	0	0.15544	0.03541	0.85069	0.71795
ENCSR541IET	0	0.45409	0.22623	0.89181	0.85230
ENCSR809CEA	0	0.53117	0.29366	0.70873	0.66126
ENCSR765MXG	0	0.70065	0.30009	0.77253	0.71156
ENCSR442GKD	0	0.22074	0.06294	0.85860	0.79909
ENCSR946DXB	0	0.42428	0.24051	0.67409	0.64530
ENCSR275ICP	0	0.53538	0.32642	0.87936	0.86185
ENCSR686WJL	0	0.29329	0.10944	0.80665	0.78738
ENCSR994KTY	0	0.35009	0.14192	0.92069	0.90293
ENCSR859USB	0	0.63016	0.20250	0.83833	0.78871
ENCSR000EMP	0	0.44891	0.15545	0.63496	0.62362
ENCSR424KQH	0	0.64248	0.24119	0.68629	0.66479
ENCSR174MLD	0	0.72521	0.32790	0.84858	0.79515
ENCSR000EPS	0	0.36829	0.08561	0.74170	0.70989
ENCSR083STA	0	0.56491	0.29621	0.53475	0.51181
ENCSR890DWH	0	0.77929	0.38088	0.69756	0.63814
ENCSR770OTB	0	0.40764	0.16049	0.85878	0.81394
ENCSR952SPO	0	0.84310	0.54830	0.74605	0.69371
ENCSR800QGE	0	0.19964	0.05126	0.80321	0.73456
ENCSR492FJO	0	0.70343	0.29758	0.70783	0.64492
ENCSR835WBW	0	0.62709	0.20072	0.67701	0.63768
ENCSR818HHN	0	0.36627	0.16857	0.92943	0.92550
ENCSR998IXQ	0	0.26689	0.09189	0.87857	0.82181
ENCSR916MHX	0	0.36461	0.13953	0.87267	0.83217
ENCSR365NDK	0	0.36499	0.14715	0.90832	0.89219
ENCSR496UER	0	0.27663	0.09247	0.83790	0.78898
ENCSR270JQK	0	0.23318	0.07438	0.88088	0.80237
ENCSR374VQC	0	0.36659	0.15366	0.88298	0.84954
ENCSR095QNB	0	0.75928	0.32600	0.70260	0.66365
ENCSR323PWV	0	0.23559	0.07024	0.85385	0.79963
ENCSR754LIN	0	0.44451	0.22014	0.82709	0.79960
ENCSR310RJN	0	0.71549	0.30539	0.75352	0.68083
ENCSR503UNA	0	0.47280	0.25046	0.91691	0.86584
ENCSR141NSQ	0	0.38922	0.12416	0.68177	0.64227
ENCSR340XQX	0	0.39705	0.14952	0.88769	0.85839
ENCSR487QSB	0	0.71528	0.33944	0.70321	0.65147
ENCSR332BSB	0	0.29581	0.07914	0.79070	0.73194
ENCSR242RPQ	0	0.37799	0.16541	0.84132	0.78375
ENCSR960EVM	0	0.28151	0.08933	0.83762	0.78515
ENCSR685ZMP	0	0.85559	0.53642	0.73280	0.69019
ENCSR616AEG	0	0.26266	0.08038	0.81903	0.78231
ENCSR398JUP	0	0.36914	0.16133	0.88672	0.84959
ENCSR884ODJ	0	0.23204	0.06079	0.84156	0.78562
ENCSR419UYY	0	0.63472	0.21787	0.70095	0.65837
ENCSR840TVG	0	0.23460	0.06982	0.81339	0.79130
ENCSR953WJO	0	0.29601	0.10780	0.64481	0.64081
ENCSR619BNL	0	0.22751	0.06274	0.73182	0.70071
ENCSR272RQX	0	0.56476	0.30149	0.71153	0.67545
ENCSR017OZH	0	0.47040	0.26341	0.83250	0.80827
ENCSR000EMU	0	0.21728	0.03504	0.82945	0.79082
ENCSR441OGH	0	0.36905	0.10768	0.65690	0.61995
ENCSR511PFY	0	0.30208	0.10637	0.86958	0.82599
ENCSR267UFM	0	0.45143	0.21956	0.74616	0.70769
ENCSR113MBR	0	0.69474	0.29815	0.82172	0.74434
ENCSR000FEK	0	0.45806	0.21892	0.72993	0.69519
ENCSR090SMP	0	0.52465	0.27908	0.79265	0.72431
ENCSR042WQA	0	0.22734	0.08917	0.87598	0.78522
ENCSR947POC	0	0.36565	0.08995	0.73471	0.68685
ENCSR305XRF	0	0.67544	0.27410	0.70659	0.66400
ENCSR129BZE	0	0.44884	0.20519	0.78019	0.72774
ENCSR121BSW	0	0.32056	0.13078	0.83802	0.76662
ENCSR473LSX	0	0.26711	0.07606	0.85633	0.81544
ENCSR141IUS	0	0.38803	0.16434	0.81343	0.75967
ENCSR404OEO	0	0.63815	0.24102	0.74579	0.69034
ENCSR120MOY	0	0.76937	0.36772	0.75615	0.68950
ENCSR298OIK	0	0.42155	0.17327	0.82238	0.76677
ENCSR932DHT	0	0.28431	0.07384	0.79313	0.74649
ENCSR788TRR	0	0.67961	0.25360	0.79367	0.75293
ENCSR324OTS	0	0.42398	0.19257	0.77927	0.71269
ENCSR904LMG	0	0.36512	0.13139	0.90881	0.88807
ENCSR768OLL	0	0.34911	0.21797	0.86101	0.85355
ENCSR434OBM	0	0.40940	0.15765	0.69189	0.66790
ENCSR410DWV	0	0.88570	0.55545	0.77645	0.74546
ENCSR959ZXU	0	0.55890	0.29716	0.63821	0.60582
ENCSR541PUY	0	0.25180	0.08547	0.86901	0.83718
ENCSR649PJN	0	0.27530	0.06673	0.69638	0.66045
ENCSR645GJD	0	0.31055	0.09871	0.78921	0.73070
ENCSR550UWM	0	0.25263	0.05541	0.82319	0.76237
ENCSR697FME	0	0.22251	0.06826	0.86074	0.78570
ENCSR171APM	0	0.20924	0.06010	0.87343	0.80884
ENCSR522FGG	0	0.17889	0.03393	0.86101	0.79768
ENCSR265TEK	0	0.51456	0.26819	0.67558	0.65527
ENCSR392GCE	0	0.33884	0.09727	0.67519	0.63335
ENCSR804RSI	0	0.42804	0.21294	0.75218	0.68098
ENCSR431UEM	0	0.29129	0.11384	0.86310	0.82151
ENCSR325LYJ	0	0.58465	0.27893	0.63376	0.60667
ENCSR840USW	0	0.40380	0.13394	0.81777	0.77340
ENCSR682PKY	0	0.28121	0.07883	0.78312	0.72225
ENCSR634WYX	0	0.81322	0.44612	0.81026	0.76272
ENCSR373TLU	0	0.42548	0.21022	0.89301	0.86252
ENCSR545ADK	0	0.40465	0.18513	0.82023	0.76621
ENCSR366EQH	0	0.19367	0.04707	0.82280	0.75148
ENCSR595CSH	0	0.54526	0.32425	0.82078	0.77823
ENCSR000EMH	0	0.46959	0.14696	0.64765	0.62727
ENCSR913FZQ	0	0.65122	0.25801	0.84493	0.79696
ENCSR530XBF	0	0.83690	0.50371	0.76830	0.71753
ENCSR842VTJ	0	0.22085	0.05624	0.83065	0.77434
ENCSR154NOT	0	0.23677	0.07330	0.84655	0.77646
ENCSR148VUP	0	0.61187	0.35861	0.76031	0.69916
ENCSR136KEL	0	0.51037	0.26843	0.66712	0.62986
ENCSR266NDC	0	0.20999	0.05775	0.87154	0.80390
ENCSR191EII	0	0.53294	0.23810	0.71818	0.66836
ENCSR598RVJ	0	0.30615	0.10927	0.91919	0.90021
ENCSR490MSG	0	0.52735	0.17982	0.86764	0.85683
ENCSR357WQH	0	0.55096	0.15187	0.62263	0.61182
ENCSR734VFU	0	0.14369	0.03211	0.85956	0.74445
ENCSR268QCH	0	0.26438	0.06539	0.77442	0.73467
ENCSR617NTY	0	0.30215	0.10345	0.86502	0.81026
ENCSR590EFT	0	0.30285	0.10716	0.91836	0.90398
ENCSR924SDV	0	0.68789	0.29514	0.72110	0.66054
ENCSR731QLJ	0	0.55653	0.33091	0.68298	0.64404
ENCSR943KMD	0	0.25390	0.09866	0.86272	0.80072
ENCSR130HIE	0	0.20167	0.04910	0.87830	0.78504
ENCSR928WMU	0	0.37094	0.14412	0.83718	0.78108
ENCSR297ORG	0	0.34577	0.10132	0.74072	0.68891
ENCSR278FVO	0	0.26631	0.08540	0.87615	0.83201
ENCSR075MQZ	0	0.29747	0.08870	0.85786	0.80710
ENCSR167SYF	0	0.58114	0.19787	0.84779	0.82055
ENCSR645HET	0	0.41730	0.16470	0.86302	0.83483
ENCSR301OGM	0	0.51794	0.29901	0.74853	0.67644
ENCSR941SMM	0	0.20764	0.06204	0.79879	0.74088
ENCSR871APX	0	0.24580	0.06283	0.77042	0.70682
ENCSR332HAD	0	0.30943	0.13103	0.84420	0.79294
ENCSR956NOL	0	0.17407	0.04542	0.75224	0.71549
ENCSR408IVU	0	0.64994	0.25124	0.69818	0.65704
ENCSR671YPX	0	0.37399	0.14524	0.90592	0.87657
ENCSR869JYO	0	0.23858	0.07276	0.88114	0.82262
ENCSR314EZY	0	0.44568	0.24277	0.77575	0.73859
ENCSR746RDJ	0	0.45541	0.26476	0.68466	0.64754
ENCSR688AWP	0	0.42947	0.17183	0.80421	0.76221
ENCSR477RTP	0	0.57258	0.24836	0.64025	0.60105
ENCSR507XBY	0	0.38931	0.15213	0.80739	0.77201
ENCSR000EMN	0	0.34731	0.07923	0.70087	0.65937
ENCSR721DFB	0	0.42438	0.18531	0.84812	0.79573
ENCSR207CQH	0	0.33858	0.10335	0.84174	0.79754
ENCSR818JGZ	0	0.41909	0.22850	0.89307	0.84535
ENCSR204PZT	0	0.76160	0.38237	0.79135	0.72605
ENCSR946BPA	0	0.21254	0.07009	0.87531	0.77883
ENCSR457ILW	0	0.23043	0.06122	0.78303	0.73697
ENCSR167JFX	0	0.51795	0.32125	0.78480	0.67889
ENCSR173YSO	0	0.34759	0.13341	0.91536	0.89206
ENCSR085MZL	0	0.28336	0.07594	0.90251	0.86302
ENCSR627QIA	0	0.36189	0.13444	0.83134	0.78515
ENCSR860IDO	0	0.17474	0.04093	0.87674	0.77272
ENCSR589ROM	0	0.74972	0.33719	0.76661	0.69979
ENCSR294QCR	0	0.28713	0.06667	0.70335	0.65576
ENCSR033STL	0	0.38718	0.14059	0.75645	0.70290
ENCSR628IRM	0	0.51735	0.28343	0.75611	0.69057
ENCSR731DJH	0	0.24337	0.06732	0.86795	0.80085
ENCSR802ZYE	0	0.41540	0.19397	0.84388	0.80271
ENCSR164TBP	0	0.37129	0.16146	0.84069	0.78905
ENCSR433NEX	0	0.33275	0.12498	0.92376	0.91067
ENCSR470ZNM	0	0.52917	0.14489	0.64084	0.62404
ENCSR419CKG	0	0.25692	0.08198	0.86673	0.82219
ENCSR242CLA	0	0.27152	0.11630	0.89563	0.84632
ENCSR396ZIN	0	0.33312	0.12319	0.83773	0.78619
ENCSR784RMA	0	0.33487	0.12202	0.85307	0.80577
ENCSR670ZSA	0	0.22496	0.07107	0.81376	0.77282
ENCSR800KVI	0	0.35563	0.12199	0.92313	0.91737
ENCSR536NGW	0	0.14328	0.04213	0.78640	0.77983
ENCSR552TPH	0	0.24410	0.07512	0.86189	0.78392
ENCSR490UQP	0	0.27783	0.07243	0.87560	0.85841
ENCSR593YFB	0	0.54334	0.15165	0.81511	0.76832
ENCSR195ONB	0	0.44417	0.20124	0.79083	0.76295
ENCSR849CYU	0	0.41073	0.17946	0.89250	0.86668
ENCSR085XKS	0	0.38602	0.15783	0.88111	0.84726
ENCSR984SQJ	0	0.36456	0.14085	0.87001	0.85746
ENCSR841UCZ	0	0.32010	0.10582	0.84967	0.80983
ENCSR060TTR	0	0.25060	0.06991	0.85488	0.80546
ENCSR677XGD	0	0.33050	0.12110	0.88753	0.85560
ENCSR722HJG	0	0.35573	0.12292	0.87727	0.85243
ENCSR238FMP	0	0.41349	0.17159	0.86844	0.82144
ENCSR712ZRY	0	0.65494	0.22813	0.67090	0.63929
ENCSR042DVU	0	0.36896	0.13976	0.81915	0.76720
ENCSR295DUI	0	0.34078	0.10049	0.79219	0.74436
ENCSR314IOV	0	0.47311	0.24712	0.77417	0.66120
ENCSR040DGJ	0	0.25309	0.06021	0.77041	0.74293
ENCSR780ABS	0	0.28000	0.11964	0.87254	0.78600
ENCSR372IGW	0	0.67369	0.27615	0.66603	0.63847
ENCSR129GCL	0	0.18732	0.05284	0.86968	0.77193
ENCSR038POV	0	0.29893	0.11339	0.85499	0.79210
ENCSR006XED	0	0.21114	0.03475	0.66986	0.61274
ENCSR040PBN	0	0.60377	0.20316	0.67358	0.65610
ENCSR940YDN	0	0.65892	0.25074	0.70742	0.66782
ENCSR739VKY	0	0.26715	0.11126	0.84631	0.78375
ENCSR277KRY	0	0.55104	0.23754	0.76393	0.71211
ENCSR509JPT	0	0.60669	0.20686	0.70146	0.66532
ENCSR323TXQ	0	0.34102	0.13480	0.81745	0.74952
ENCSR828FVZ	0	0.48139	0.22381	0.77436	0.71588
ENCSR777USE	0	0.21044	0.05815	0.76453	0.73650
ENCSR533VAF	0	0.21410	0.07036	0.57995	0.58277
ENCSR918TVE	0	0.71164	0.34100	0.75070	0.69463
ENCSR278JWM	0	0.52176	0.12797	0.66720	0.64510
ENCSR305WLF	0	0.22418	0.06904	0.85052	0.78844
ENCSR973MKT	0	0.22034	0.04570	0.81560	0.75810
ENCSR217TAW	0	0.67865	0.44461	0.68005	0.67821
ENCSR137FWW	0	0.38947	0.17348	0.85275	0.80302
ENCSR773USD	0	0.49902	0.14668	0.86841	0.83541
ENCSR846VPV	0	0.57314	0.18550	0.79630	0.72958
ENCSR058VBM	0	0.45928	0.19494	0.86281	0.82924
ENCSR330ZBO	0	0.37039	0.16834	0.81893	0.77102
ENCSR566VAK	0	0.50341	0.25286	0.72112	0.67388
ENCSR084FHK	0	0.64080	0.23899	0.72101	0.67134
ENCSR158KCS	0	0.72913	0.35361	0.85557	0.78846
ENCSR833ACP	0	0.61809	0.19928	0.67207	0.64638
ENCSR928PKL	0	0.31197	0.10425	0.89595	0.87081
ENCSR000ENK	0	0.42968	0.11978	0.68188	0.62042
ENCSR376DAE	0	0.23220	0.08374	0.84104	0.79146
ENCSR217YRJ	0	0.31685	0.07224	0.70942	0.65640
ENCSR467LJT	0	0.24844	0.08184	0.87716	0.81110
ENCSR311LLZ	0	0.27083	0.10212	0.65150	0.64948
ENCSR246VSO	0	0.36182	0.12809	0.84391	0.79533
ENCSR662IRS	0	0.33101	0.14966	0.83694	0.75664
ENCSR105SCQ	0	0.63458	0.23439	0.70582	0.66855
ENCSR405YLV	0	0.53205	0.24760	0.76169	0.69818
ENCSR401UZL	0	0.37560	0.13641	0.89418	0.88195
ENCSR419OAR	0	0.35977	0.13325	0.80693	0.75658
ENCSR528YDD	0	0.66510	0.25629	0.68936	0.64484
ENCSR630XDN	0	0.22408	0.06749	0.87351	0.81506
ENCSR620QNS	0	0.43302	0.20855	0.67338	0.65266
ENCSR218FJD	0	0.22969	0.06833	0.88244	0.82154
ENCSR646JBR	0	0.31552	0.10535	0.89375	0.85980
ENCSR895TUV	0	0.40841	0.16487	0.81793	0.76302
ENCSR330JXM	0	0.23486	0.09048	0.91801	0.87158
ENCSR414ZUA	0	0.24050	0.05315	0.74452	0.68408
ENCSR622HTS	0	0.42843	0.17390	0.84612	0.80134
ENCSR298SDT	0	0.29388	0.08110	0.86361	0.83463
ENCSR166TEE	0	0.26802	0.05081	0.65834	0.62511
ENCSR668VCT	0	0.66397	0.26928	0.83405	0.77038
ENCSR587HPR	0	0.26678	0.07618	0.67693	0.65066
ENCSR752EPH	0	0.63400	0.33321	0.67235	0.64279
ENCSR685PCS	0	0.42495	0.20508	0.76706	0.73884
ENCSR987CQN	0	0.40849	0.14827	0.85474	0.82464
ENCSR515DVK	0	0.16164	0.04460	0.85891	0.75816
ENCSR555DLG	0	0.23658	0.06397	0.88965	0.85533
ENCSR260ZIV	0	0.63648	0.23762	0.83032	0.79798
ENCSR237VSF	0	0.64427	0.22204	0.78227	0.72161
ENCSR826ERZ	0	0.25622	0.06795	0.71192	0.67250
ENCSR416QNA	0	0.23317	0.06935	0.85822	0.81485
ENCSR251UPG	0	0.47388	0.16174	0.66374	0.62685
ENCSR567IWT	0	0.43441	0.21051	0.79877	0.73827
ENCSR694DOX	0	0.29262	0.09275	0.90024	0.87222
ENCSR000EQD	0	0.45005	0.21905	0.73455	0.65487
ENCSR931UQB	0	0.51867	0.25691	0.68662	0.63672
ENCSR666YVE	0	0.20696	0.06097	0.71127	0.67940
ENCSR724CND	0	0.35725	0.13193	0.62474	0.62844
ENCSR118WIQ	0	0.23771	0.06951	0.77518	0.75183
ENCSR452DCM	0	0.57649	0.32387	0.67370	0.62133
ENCSR457RVC	0	0.29662	0.09704	0.81547	0.77969
ENCSR634ZYB	0	0.26440	0.08016	0.84965	0.79857
ENCSR304ZDQ	0	0.63973	0.23349	0.66830	0.63794
ENCSR541JMK	0	0.41288	0.17337	0.79373	0.74752
ENCSR204FCV	0	0.65781	0.20057	0.72376	0.68091
ENCSR945KSP	0	0.31640	0.10607	0.93924	0.91497
ENCSR420RWU	0	0.24134	0.06864	0.79766	0.75567
ENCSR000EOD	0	0.57987	0.28602	0.67151	0.61274
ENCSR564JUY	0	0.58972	0.32527	0.75034	0.69972
ENCSR176KYD	0	0.31337	0.06888	0.63688	0.59900
ENCSR395EZY	0	0.50375	0.24704	0.67399	0.62537
ENCSR109DTU	0	0.26281	0.11678	0.88589	0.84071
ENCSR211SUT	0	0.40025	0.16260	0.85165	0.80923
ENCSR824YLD	0	0.21721	0.06927	0.86281	0.79433
ENCSR000EPK	0	0.41367	0.14513	0.71756	0.65811
ENCSR524CPZ	0	0.69488	0.30584	0.73002	0.65049
ENCSR198UKY	0	0.28804	0.11204	0.86422	0.80105
ENCSR312INU	0	0.44371	0.24332	0.83000	0.77149
ENCSR000ENZ	0	0.56078	0.29169	0.67293	0.63974
ENCSR705RZX	0	0.71706	0.30517	0.84073	0.78058
ENCSR139PLJ	0	0.19857	0.05688	0.88024	0.82301
ENCSR885WWJ	0	0.42721	0.17417	0.84172	0.80289
ENCSR884MCZ	0	0.29755	0.07747	0.79244	0.73265
ENCSR399OSE	0	0.78251	0.40239	0.81343	0.74555
ENCSR859KGQ	0	0.28094	0.08391	0.75911	0.70981
ENCSR572FSS	0	0.25482	0.07202	0.87913	0.82260
ENCSR970ZLG	0	0.25819	0.06609	0.79297	0.72376
ENCSR000ENO	0	0.40349	0.12788	0.54916	0.52854
ENCSR217PZP	0	0.29125	0.09908	0.83502	0.79808
ENCSR652IZW	0	0.35807	0.12152	0.90319	0.88867
ENCSR962ITF	0	0.62069	0.21986	0.69657	0.65843
ENCSR000EOO	0	0.63655	0.38809	0.65586	0.63645
ENCSR309FOO	0	0.35621	0.06875	0.71474	0.66602
ENCSR000EQB	0	0.49131	0.22436	0.69143	0.60322
ENCSR593LTJ	0	0.62770	0.41052	0.63684	0.64850
ENCSR683YLO	0	0.28917	0.09034	0.81836	0.75165
ENCSR950YTI	0	0.31771	0.13955	0.86430	0.79941
ENCSR576UAF	0	0.46365	0.22210	0.81411	0.75940
ENCSR124NNL	0	0.77837	0.41213	0.82665	0.74882
ENCSR217OHA	0	0.42122	0.17738	0.90571	0.87874
ENCSR120LVW	0	0.32595	0.09876	0.76372	0.72143
ENCSR035QHH	0	0.55416	0.31625	0.71094	0.68199
ENCSR371KRY	0	0.36707	0.09801	0.62472	0.58204
ENCSR425WQW	0	0.60959	0.24313	0.76968	0.70268
ENCSR389IHS	0	0.16455	0.04309	0.83028	0.74257
ENCSR600ZHS	0	0.84162	0.47508	0.73142	0.68792
ENCSR820XRX	0	0.34364	0.08388	0.75735	0.70328
ENCSR953UJL	0	0.17720	0.04942	0.87718	0.77831
ENCSR518WRP	0	0.42655	0.17198	0.91202	0.89057
ENCSR543YPH	0	0.30908	0.06696	0.80070	0.73558
ENCSR580OAH	0	0.27124	0.06982	0.84882	0.78206
ENCSR386HAZ	0	0.64776	0.24807	0.81984	0.76054
ENCSR044JIR	0	0.19678	0.04585	0.88732	0.82056
ENCSR106RBR	0	0.24261	0.06527	0.71634	0.67474
ENCSR321KUC	0	0.26106	0.08629	0.87413	0.80909
ENCSR466SUZ	0	0.31088	0.12251	0.81586	0.77108
ENCSR700HPA	0	0.54485	0.14963	0.63678	0.62500
ENCSR878ITC	0	0.25321	0.08314	0.86477	0.80925
ENCSR098ISE	0	0.40083	0.17862	0.91547	0.89987
ENCSR803FKU	0	0.59559	0.17894	0.85744	0.80060
ENCSR499PZA	0	0.15352	0.04061	0.85619	0.81738
ENCSR360LBD	0	0.34079	0.07608	0.63728	0.59237
ENCSR000EQF	0	0.27015	0.08423	0.74890	0.70092
ENCSR651SOJ	0	0.84100	0.47747	0.81106	0.75416
ENCSR694LFE	0	0.35187	0.15251	0.88475	0.85548
ENCSR040DJK	0	0.74442	0.33851	0.72017	0.65810
ENCSR373BIX	0	0.44593	0.22601	0.78170	0.71892
ENCSR639ZJI	0	0.35254	0.07450	0.67486	0.61816
ENCSR356QCD	0	0.18981	0.04185	0.76382	0.70830
ENCSR498RLX	0	0.38659	0.14713	0.84593	0.82162
ENCSR648JJT	0	0.75319	0.31818	0.76974	0.70887
ENCSR823ZCR	0	0.58294	0.20847	0.79011	0.77347
ENCSR571CJM	0	0.38675	0.16941	0.88179	0.84953
ENCSR531AYV	0	0.18890	0.05241	0.88261	0.79822
ENCSR405TXU	0	0.59085	0.33835	0.73650	0.70237
ENCSR468AKF	0	0.22332	0.07859	0.85283	0.77580
ENCSR659JPP	0	0.36926	0.13061	0.85253	0.80984
ENCSR152FWD	0	0.37448	0.15546	0.79869	0.74717
ENCSR595HZQ	0	0.27138	0.06513	0.69610	0.62408
ENCSR366EGE	0	0.34174	0.08037	0.65379	0.61715
ENCSR621JYI	0	0.70736	0.30137	0.69890	0.64632
ENCSR144ZXR	0	0.68229	0.28585	0.72856	0.66899
ENCSR000EMQ	0	0.37548	0.17852	0.75679	0.64971
ENCSR584AXZ	0	0.55495	0.17220	0.86158	0.84626
ENCSR619DRM	0	0.18708	0.03524	0.86792	0.79836
ENCSR605EGR	0	0.71403	0.27897	0.76167	0.70475
ENCSR562ACY	0	0.34629	0.08266	0.61353	0.57720
ENCSR388NOI	0	0.43465	0.22528	0.75434	0.67281
ENCSR579RVI	0	0.38055	0.13718	0.91166	0.89916
ENCSR074WMH	0	0.76491	0.37227	0.76122	0.68401
ENCSR920JUM	0	0.35324	0.14757	0.85563	0.78399
ENCSR258POP	0	0.36743	0.14724	0.88195	0.84816
ENCSR941DTJ	0	0.23265	0.05283	0.84265	0.76184
ENCSR857MCZ	0	0.58203	0.21137	0.76468	0.71386
ENCSR857AEB	0	0.45118	0.29942	0.74870	0.71151
ENCSR411MGY	0	0.29051	0.07592	0.76658	0.69496
ENCSR064GBK	0	0.31878	0.08963	0.69989	0.64821
ENCSR311EEL	0	0.38384	0.15466	0.89770	0.87421
ENCSR274SDO	0	0.29724	0.12630	0.89389	0.86522
ENCSR674JIL	0	0.29776	0.06806	0.71352	0.68693
ENCSR612IKQ	0	0.39568	0.13547	0.87446	0.86219
ENCSR356KRQ	0	0.77996	0.42184	0.74613	0.71946
ENCSR163GMC	0	0.33407	0.10330	0.84439	0.81761
ENCSR161ZGA	0	0.45045	0.19548	0.86847	0.83114
ENCSR422RPD	0	0.65812	0.26380	0.72545	0.68117
ENCSR214EIV	0	0.65734	0.25107	0.68843	0.64600
ENCSR775KMA	0	0.64785	0.24227	0.81534	0.78859
ENCSR175OHT	0	0.22341	0.04866	0.84969	0.79200
ENCSR515EWI	0	0.46006	0.26902	0.64228	0.61385
ENCSR512YXO	0	0.64965	0.25052	0.71105	0.66770
ENCSR126EVK	0	0.48302	0.21879	0.71832	0.66697
ENCSR162JNV	0	0.22315	0.06266	0.87491	0.79280
ENCSR770JCP	0	0.33992	0.11717	0.89644	0.87685
ENCSR800MBE	0	0.31138	0.10769	0.92057	0.90514
ENCSR828RNY	0	0.24791	0.07037	0.78657	0.76479
ENCSR977LVI	0	0.80415	0.42804	0.72110	0.70412
ENCSR379NMT	0	0.75960	0.33530	0.75759	0.70931
ENCSR682ETE	0	0.84315	0.49813	0.81386	0.74993
ENCSR346IHH	0	0.58071	0.28585	0.74250	0.70126
ENCSR746ZPP	0	0.51154	0.29084	0.79330	0.72737
ENCSR756FQD	0	0.34451	0.13109	0.87453	0.84034
ENCSR802NBC	0	0.47636	0.21252	0.82915	0.78274
ENCSR860NDZ	0	0.28542	0.07550	0.69261	0.64407
ENCSR842KCP	0	0.48895	0.23274	0.84347	0.77089
ENCSR812ZKP	0	0.83627	0.47296	0.76823	0.70621
ENCSR174JMM	0	0.22971	0.06685	0.70687	0.67233
ENCSR094QFZ	0	0.70158	0.25375	0.74214	0.70732
ENCSR704HNG	0	0.56831	0.36403	0.75965	0.68862
ENCSR930USX	0	0.27719	0.10098	0.86021	0.79863
ENCSR000EMG	0	0.33126	0.09820	0.62060	0.62180
ENCSR000EOT	0	0.52701	0.24903	0.72992	0.64024
ENCSR888GBS	0	0.22881	0.07084	0.74712	0.70666
ENCSR038XTK	0	0.54733	0.28394	0.67430	0.64394
ENCSR474GZQ	0	0.39264	0.20847	0.76329	0.73520
ENCSR290NGL	0	0.22929	0.07261	0.87907	0.80604
ENCSR363BTB	0	0.21854	0.08011	0.83522	0.77485
ENCSR648GDP	0	0.33372	0.07911	0.62516	0.58725
ENCSR693UHT	0	0.27652	0.07948	0.88690	0.85995
ENCSR021YFW	0	0.46614	0.23431	0.77833	0.70682
ENCSR208HAP	0	0.64491	0.23455	0.69975	0.66028
ENCSR364TKL	0	0.24510	0.05298	0.78251	0.73519
ENCSR745CGG	0	0.67419	0.26098	0.80129	0.74722
ENCSR974TXT	0	0.23551	0.07238	0.76524	0.74985
ENCSR930YSB	0	0.28266	0.09869	0.82158	0.76519
ENCSR154ZNQ	0	0.39396	0.12264	0.73091	0.67057
ENCSR047FNH	0	0.26372	0.07853	0.76046	0.70994
ENCSR705KEB	0	0.71347	0.29975	0.75370	0.71919
ENCSR494IWJ	0	0.19560	0.04586	0.85954	0.76884
ENCSR670REK	0	0.70561	0.29917	0.81847	0.74667
ENCSR595DQM	0	0.37285	0.16265	0.92689	0.91427
ENCSR154YPL	0	0.25777	0.06463	0.71242	0.65672
ENCSR323UTX	0	0.47615	0.20008	0.82183	0.77796
ENCSR410IYF	0	0.30410	0.11138	0.84054	0.80362
ENCSR000EPU	0	0.37798	0.08668	0.67602	0.61673
ENCSR065CER	0	0.79559	0.40667	0.80237	0.74884
ENCSR839RAJ	0	0.31481	0.10414	0.91104	0.88759
ENCSR540VTN	0	0.30210	0.09844	0.84891	0.79139
ENCSR024WOD	0	0.65955	0.25049	0.67437	0.64321
ENCSR403GBR	0	0.78388	0.40578	0.86433	0.79710
ENCSR220ASC	0	0.65063	0.29757	0.80006	0.77404
ENCSR774NXA	0	0.81581	0.47280	0.69523	0.63912
ENCSR117PYB	0	0.50147	0.15525	0.84006	0.83548
ENCSR000EOG	0	0.27502	0.05612	0.73461	0.71387
ENCSR445XYW	0	0.33966	0.12717	0.74951	0.68570
ENCSR600RAA	0	0.29255	0.08588	0.78763	0.74386
ENCSR728BAD	0	0.22484	0.05073	0.81654	0.74251
ENCSR305UJX	0	0.24275	0.05827	0.72028	0.65666
ENCSR351FWN	0	0.43089	0.16312	0.86243	0.84035
ENCSR315WAC	0	0.30238	0.09208	0.85889	0.80970
ENCSR630REB	0	0.71895	0.32504	0.76069	0.71831
ENCSR429RHR	0	0.46263	0.22829	0.82629	0.67985
ENCSR210JVF	0	0.15132	0.03547	0.88621	0.79364
ENCSR133WJY	0	0.84945	0.51600	0.75786	0.69386
ENCSR404TSP	0	0.42290	0.20020	0.89686	0.86285
ENCSR454UTH	0	0.63854	0.23454	0.67348	0.64118
ENCSR570BWW	0	0.39133	0.16381	0.89407	0.87067
ENCSR122NDR	0	0.64331	0.23857	0.70483	0.66883
ENCSR943SYS	0	0.48683	0.27221	0.83740	0.81184
ENCSR488PHT	0	0.28473	0.08418	0.72897	0.67076
ENCSR499IFY	0	0.49246	0.27028	0.75069	0.70352
ENCSR803JVQ	0	0.23744	0.08823	0.83959	0.78584
ENCSR829MXU	0	0.44021	0.21422	0.66979	0.61207
ENCSR000EQA	0	0.41043	0.09467	0.64749	0.60987
ENCSR604YEQ	0	0.63121	0.21127	0.65903	0.64118
ENCSR000ENE	0	0.44542	0.13386	0.65797	0.61954
ENCSR078EBD	0	0.60335	0.22439	0.84324	0.77711
ENCSR066WZJ	0	0.43978	0.21944	0.77023	0.72749
ENCSR281HBB	0	0.32285	0.06394	0.74505	0.71070
ENCSR990XXC	0	0.28714	0.07857	0.76294	0.71927
ENCSR258JCL	0	0.69542	0.29415	0.67842	0.66703
ENCSR268GBM	0	0.35244	0.12394	0.88781	0.85176
ENCSR642BXP	0	0.46886	0.22910	0.77138	0.68207
ENCSR609DDQ	0	0.17688	0.04248	0.82239	0.79691
ENCSR571JFO	0	0.75520	0.38139	0.86069	0.79890
ENCSR129TSG	0	0.35399	0.10774	0.71562	0.66291
ENCSR453EVC	0	0.32071	0.06529	0.70647	0.66779
ENCSR471RHG	0	0.32297	0.09986	0.84920	0.80190
ENCSR694OWY	0	0.73918	0.31183	0.84707	0.86220
ENCSR638PZJ	0	0.39863	0.15674	0.88014	0.84567
ENCSR000EQJ	0	0.51812	0.24671	0.74495	0.66796
ENCSR914DOH	0	0.20580	0.05765	0.66368	0.65381
ENCSR385XHV	0	0.22433	0.06689	0.83268	0.76552
ENCSR864ADD	0	0.73448	0.32275	0.77872	0.73278
ENCSR856XGY	0	0.41058	0.16987	0.89970	0.86175
ENCSR420NOA	0	0.34619	0.14920	0.76733	0.65212
ENCSR524QBS	0	0.24666	0.08572	0.90546	0.87499
ENCSR904UKR	0	0.67753	0.23738	0.75870	0.69983
ENCSR072NBR	0	0.31926	0.06810	0.69682	0.65460
ENCSR392YGP	0	0.79547	0.39464	0.73063	0.71149
ENCSR041PCL	0	0.32472	0.14274	0.84659	0.77514
ENCSR516CPW	0	0.84046	0.54896	0.80276	0.73618
ENCSR752NTF	0	0.23890	0.06833	0.83100	0.78634
ENCSR476VJY	0	0.75080	0.34033	0.72235	0.71916
ENCSR227FVE	0	0.82033	0.49499	0.72679	0.67922
ENCSR356RNZ	0	0.31719	0.13141	0.88514	0.84841
ENCSR799MVH	0	0.24817	0.08640	0.88319	0.82782
ENCSR184DFF	0	0.22944	0.07248	0.80109	0.76454
ENCSR310UDW	0	0.84829	0.51175	0.82032	0.75133
ENCSR495INQ	0	0.36513	0.08443	0.71971	0.65242
ENCSR851EBF	0	0.51128	0.13556	0.84797	0.82595
ENCSR458LIB	0	0.33612	0.12666	0.77067	0.74888
ENCSR953XJU	0	0.22299	0.05982	0.83244	0.77752
ENCSR709YRE	0	0.19576	0.05449	0.85801	0.77122
ENCSR786FWF	0	0.22511	0.06605	0.73698	0.69573
ENCSR710SMN	0	0.62558	0.21475	0.81923	0.75342
ENCSR000EMO	0	0.38615	0.13657	0.61394	0.61015
ENCSR398CXD	0	0.20216	0.05630	0.88855	0.81858
ENCSR000EOJ	0	0.56303	0.27099	0.63852	0.60022
ENCSR765BSU	0	0.23128	0.06828	0.76901	0.74109
ENCSR116WWW	0	0.31093	0.09209	0.75060	0.68295
ENCSR425MRQ	0	0.24661	0.06051	0.77221	0.72474
ENCSR879XUH	0	0.38280	0.13637	0.88625	0.85983
ENCSR849WGE	0	0.35974	0.12642	0.90593	0.88173
ENCSR539WBA	0	0.50017	0.22029	0.75058	0.68524
ENCSR499ASS	0	0.78672	0.35650	0.67448	0.66509
ENCSR822GDF	0	0.34060	0.11970	0.81323	0.78662
ENCSR063UNG	0	0.64054	0.25883	0.71987	0.67657
ENCSR251INE	0	0.32974	0.15633	0.83162	0.76955
ENCSR854TTM	0	0.70858	0.30690	0.83899	0.76848
ENCSR036ELY	0	0.24383	0.07922	0.86136	0.78911
ENCSR410MFU	0	0.41077	0.20055	0.82729	0.78332
ENCSR635URJ	0	0.28228	0.09714	0.87071	0.82221
ENCSR080PZL	0	0.27355	0.06730	0.77104	0.68478
ENCSR339TVH	0	0.31049	0.09381	0.88103	0.85445
ENCSR946OIO	0	0.27828	0.12232	0.91662	0.89140
ENCSR354FBA	0	0.23356	0.04339	0.77917	0.72509
ENCSR808HWS	0	0.69205	0.31291	0.84581	0.75175
ENCSR318PRQ	0	0.27063	0.10140	0.77617	0.72605
ENCSR480SNC	0	0.24277	0.09979	0.86329	0.80289
ENCSR109RIQ	0	0.49593	0.26628	0.91574	0.88863
ENCSR565DSD	0	0.76403	0.37878	0.86869	0.80894
ENCSR628PLS	0	0.63806	0.22082	0.65259	0.62128
ENCSR608KJD	0	0.61535	0.23587	0.71938	0.68038
ENCSR241OBO	0	0.85986	0.50830	0.75881	0.72542
ENCSR691MQJ	0	0.58276	0.31656	0.71003	0.67328
ENCSR274FZD	0	0.38342	0.13427	0.90723	0.88107
ENCSR287GYT	0	0.28160	0.08836	0.85010	0.79791
ENCSR407WGG	0	0.28148	0.11084	0.87599	0.82416
ENCSR135XMY	0	0.20932	0.06897	0.89090	0.80612
ENCSR628SXX	0	0.58715	0.17479	0.78610	0.74873
ENCSR923JYH	0	0.34716	0.12592	0.82004	0.78615
ENCSR794TLA	0	0.19163	0.06512	0.88290	0.82184
ENCSR714DIF	0	0.54215	0.26645	0.75133	0.71456
ENCSR945JJB	0	0.37104	0.15288	0.88191	0.84005
ENCSR340MRJ	0	0.41400	0.17125	0.84053	0.81426
ENCSR380TXB	0	0.23061	0.07015	0.87796	0.80577
ENCSR883WDW	0	0.48013	0.23208	0.77405	0.72542
ENCSR060MJY	0	0.39385	0.13702	0.88197	0.86923
ENCSR712PYJ	0	0.29778	0.08373	0.71901	0.65164
ENCSR234VLI	0	0.40432	0.16224	0.83492	0.78405
ENCSR011NJP	0	0.61248	0.18650	0.63649	0.60538
ENCSR455GUW	0	0.27563	0.07508	0.83995	0.80616
ENCSR449HOQ	0	0.38266	0.16845	0.83882	0.79002
ENCSR327DCG	0	0.72525	0.32293	0.82442	0.75290
ENCSR291GJU	0	0.87951	0.61355	0.72712	0.70620
ENCSR735NTV	0	0.38546	0.16921	0.85182	0.81277
ENCSR133OSO	0	0.20273	0.05077	0.87592	0.79177
ENCSR059IHA	0	0.68826	0.26633	0.78297	0.71552
ENCSR360XIS	0	0.38789	0.19572	0.93008	0.90720
ENCSR343MCI	0	0.32379	0.16140	0.84832	0.75911
ENCSR420RVW	0	0.65618	0.23874	0.69018	0.65267
ENCSR420HOT	0	0.25664	0.09680	0.87851	0.82154
ENCSR895SEG	0	0.80864	0.46387	0.86441	0.78237
ENCSR873ANE	0	0.51258	0.29402	0.86220	0.82067
ENCSR637XSC	0	0.87691	0.56868	0.69507	0.65846
ENCSR503BEM	0	0.44991	0.23383	0.77898	0.69258
ENCSR757NJT	0	0.41497	0.19938	0.90580	0.87470
ENCSR493VDS	0	0.35269	0.12812	0.75142	0.64917
ENCSR805EGZ	0	0.34145	0.12060	0.86012	0.81230
ENCSR709QRD	0	0.75610	0.40310	0.84916	0.77569
ENCSR503HIB	0	0.50112	0.30784	0.63275	0.58143
ENCSR608AHQ	0	0.20476	0.05512	0.85283	0.79565
ENCSR032RGS	0	0.88755	0.63801	0.74949	0.71224
ENCSR016THC	0	0.22069	0.05768	0.76916	0.72274
ENCSR000ENW	0	0.61363	0.30068	0.63784	0.60587
ENCSR004SUL	0	0.56475	0.31282	0.84407	0.82313
ENCSR831QMZ	0	0.45150	0.21094	0.77702	0.73505
ENCSR336QAO	0	0.32335	0.13115	0.80269	0.71077
ENCSR283TME	0	0.21908	0.08022	0.87349	0.83504
ENCSR562FNN	0	0.33251	0.14762	0.88889	0.84386
ENCSR798XLO	0	0.42611	0.21849	0.85145	0.80109
ENCSR000EPZ	0	0.39791	0.18613	0.77425	0.68231
ENCSR874CAK	0	0.29944	0.09835	0.77036	0.70198
ENCSR757EPJ	0	0.34794	0.09102	0.76063	0.70939
ENCSR062SVK	0	0.48990	0.13844	0.88434	0.86727
ENCSR572LDG	0	0.28448	0.05970	0.76356	0.70627
ENCSR541UPY	0	0.31213	0.11095	0.79460	0.73491
ENCSR533WFB	0	0.65469	0.24128	0.84232	0.77352
ENCSR022UVL	0	0.36088	0.13172	0.89624	0.87453
ENCSR000EOM	0	0.35212	0.08449	0.63325	0.60152
ENCSR361DND	0	0.40350	0.16271	0.82787	0.78468
ENCSR477YSU	0	0.66520	0.22142	0.73567	0.70464
ENCSR607HIL	0	0.29576	0.09845	0.84925	0.78876
ENCSR037PGI	0	0.37657	0.20485	0.70383	0.67961
ENCSR224IYD	0	0.47861	0.29734	0.72473	0.64434
ENCSR106OKX	0	0.30073	0.05895	0.80619	0.70745
ENCSR000EQK	0	0.26906	0.09475	0.74488	0.72501
ENCSR387EYA	0	0.20963	0.08482	0.84478	0.78852
ENCSR208YDK	0	0.30833	0.15023	0.85470	0.81471
ENCSR846ZBX	0	0.66452	0.26968	0.80113	0.75299
ENCSR984HIY	0	0.16493	0.03476	0.86258	0.75436
ENCSR808ZMK	0	0.80356	0.43134	0.81364	0.74112
ENCSR848TMJ	0	0.67613	0.25612	0.78205	0.71860
ENCSR491VXJ	0	0.84269	0.50731	0.74239	0.71324
ENCSR124IMM	0	0.37922	0.12796	0.87535	0.85924
ENCSR824DUE	0	0.66105	0.25659	0.62377	0.59070
ENCSR261SMF	0	0.21786	0.03690	0.79633	0.77722
ENCSR330LFP	0	0.41008	0.17502	0.90899	0.88359
ENCSR689FYA	0	0.51090	0.25783	0.71012	0.66407
ENCSR917BSW	0	0.35364	0.19603	0.86361	0.82428
ENCSR297WRG	0	0.40547	0.17318	0.88180	0.83280
ENCSR000ENA	0	0.54718	0.29957	0.74920	0.70911
ENCSR801VSK	0	0.41039	0.15422	0.73094	0.66975
ENCSR819GAF	0	0.44014	0.16769	0.82093	0.78669
ENCSR524QPZ	0	0.37832	0.11459	0.90699	0.87547
ENCSR000ELW	0	0.48790	0.21236	0.70393	0.63039
ENCSR493IQY	0	0.28711	0.09597	0.87267	0.81834
ENCSR836FIL	0	0.82449	0.52148	0.76831	0.70457
ENCSR880CUB	0	0.38626	0.16466	0.92188	0.91039
ENCSR362ZFC	0	0.32673	0.13921	0.94034	0.92812
ENCSR970UNF	0	0.87793	0.59189	0.75616	0.71679
ENCSR940NLN	0	0.35676	0.16429	0.67208	0.66396
ENCSR119HXE	0	0.21437	0.06087	0.82862	0.78083
ENCSR362JSZ	0	0.45421	0.29302	0.74562	0.62133
ENCSR390SLL	0	0.67456	0.24555	0.82969	0.75290
ENCSR123WME	0	0.60762	0.21575	0.69813	0.67962
ENCSR730IHD	0	0.30883	0.08802	0.90711	0.88289
ENCSR849OKE	0	0.22605	0.06584	0.78661	0.74379
ENCSR140KPO	0	0.37205	0.15911	0.84448	0.80680
ENCSR283MZJ	0	0.41376	0.17590	0.80981	0.77707
ENCSR276ITP	0	0.39131	0.17600	0.85764	0.83221
ENCSR245AXW	0	0.34763	0.15898	0.85661	0.79088
ENCSR999NKW	0	0.45402	0.11733	0.84784	0.82508
ENCSR299LSN	0	0.66890	0.25851	0.80285	0.78392
ENCSR604FER	0	0.44122	0.19362	0.81435	0.73823
ENCSR702DPD	0	0.44157	0.17763	0.90025	0.87754
ENCSR032MEH	0	0.63166	0.23776	0.85846	0.85130
ENCSR504KZE	0	0.25415	0.05092	0.73536	0.68522
ENCSR092OFK	0	0.24356	0.04086	0.70873	0.65949
ENCSR000EMS	0	0.50305	0.22889	0.72390	0.63882
ENCSR769OIG	0	0.25861	0.10067	0.84977	0.76348
ENCSR661AMM	0	0.35067	0.12858	0.89311	0.88532
ENCSR060BFU	0	0.33627	0.07447	0.73925	0.65448
ENCSR219KTW	0	0.34402	0.11834	0.84398	0.78832
ENCSR672EWY	0	0.51379	0.25441	0.66588	0.62384
ENCSR489NAM	0	0.46353	0.26852	0.74630	0.66102
ENCSR255OGF	0	0.20980	0.05818	0.88085	0.80962
ENCSR679EFH	0	0.20641	0.05405	0.86215	0.78774
ENCSR821QHC	0	0.69306	0.30901	0.73505	0.66630
ENCSR440QMR	0	0.21711	0.03237	0.75635	0.73496
ENCSR698CUE	0	0.22246	0.05684	0.71407	0.66733
ENCSR690CVL	0	0.36522	0.14966	0.89800	0.88345
ENCSR517NHP	0	0.37674	0.14079	0.74995	0.69832
ENCSR059ETS	0	0.33137	0.13243	0.89938	0.87608
ENCSR507GFJ	0	0.42732	0.21272	0.81820	0.75890
ENCSR154NYM	0	0.34987	0.17303	0.81857	0.76294
ENCSR354SDH	0	0.26657	0.11083	0.86990	0.81653
ENCSR784GVR	0	0.30639	0.10019	0.86362	0.83823
ENCSR415LEB	0	0.65572	0.25250	0.84954	0.81379
ENCSR000EMJ	0	0.41146	0.22074	0.78700	0.70688
ENCSR627NIF	0	0.46336	0.24434	0.79420	0.72695
ENCSR703AYZ	0	0.35545	0.15628	0.83754	0.75669
ENCSR946MAI	0	0.53223	0.11885	0.73764	0.70758
ENCSR224FOA	0	0.46421	0.22930	0.82364	0.79733
ENCSR051CYH	0	0.19130	0.05392	0.88947	0.83589
ENCSR544YXV	0	0.64626	0.20700	0.76186	0.71701
ENCSR813CKU	0	0.24096	0.06874	0.73320	0.67649
ENCSR715TMH	0	0.34530	0.11766	0.83925	0.81113
ENCSR000ENC	0	0.42456	0.11236	0.65491	0.59885
ENCSR949JYS	0	0.21601	0.07326	0.71849	0.69966
ENCSR000EPL	0	0.56160	0.28729	0.72336	0.67141
ENCSR887BNC	0	0.23080	0.05980	0.79466	0.74317
ENCSR678PDD	0	0.52368	0.27860	0.81425	0.76168
ENCSR653VSR	0	0.78453	0.35529	0.71730	0.68559
ENCSR775SYU	0	0.77209	0.47715	0.76007	0.68406
ENCSR000EQM	0	0.41992	0.11599	0.63367	0.60848
ENCSR346JWH	0	0.53181	0.28583	0.72738	0.67222
ENCSR483HUW	0	0.32934	0.11659	0.88201	0.84907
ENCSR487SOP	0	0.60976	0.21701	0.66214	0.64770
ENCSR000EOS	0	0.43416	0.13206	0.69979	0.63746
ENCSR762YFD	0	0.62133	0.19470	0.68864	0.63234
ENCSR355WAJ	0	0.42894	0.17464	0.85549	0.80815
ENCSR619LHF	0	0.78376	0.41710	0.82603	0.76205
ENCSR584LUZ	0	0.49246	0.22275	0.78889	0.72027
ENCSR242QRV	0	0.76414	0.37873	0.86102	0.81159
ENCSR000EQL	0	0.44836	0.12245	0.67263	0.63887
ENCSR761TKU	0	0.60704	0.21755	0.85855	0.82270
ENCSR438TWI	0	0.25941	0.07044	0.71917	0.67312
ENCSR868FGK	0	0.85590	0.54326	0.74361	0.66685
ENCSR128GBN	0	0.40588	0.19631	0.91245	0.89410
ENCSR627KFV	0	0.20517	0.06014	0.83966	0.78768
ENCSR334MDJ	0	0.39788	0.15747	0.89604	0.86468
ENCSR749MUH	0	0.54436	0.26574	0.72255	0.68434
ENCSR127PWK	0	0.45445	0.24800	0.80192	0.76461
ENCSR581RSO	0	0.30430	0.10977	0.81986	0.76891
ENCSR814DYF	0	0.40600	0.16428	0.84566	0.80341
ENCSR056PFI	0	0.36455	0.15075	0.79182	0.72207
ENCSR000EMR	0	0.42263	0.10323	0.59160	0.58929
ENCSR522FGI	0	0.72216	0.31352	0.75808	0.69619
ENCSR452RAX	0	0.26685	0.11074	0.82129	0.73781
ENCSR729DRB	0	0.29125	0.07926	0.80285	0.73529
ENCSR608NWP	0	0.39063	0.17416	0.88672	0.85949
ENCSR239XNU	0	0.18391	0.06928	0.83972	0.77249
ENCSR935HEI	0	0.49495	0.24702	0.79197	0.72064
ENCSR785MXI	0	0.41695	0.18125	0.78460	0.74684
ENCSR312ZTS	0	0.28340	0.09455	0.87408	0.82440
ENCSR172PVJ	0	0.17522	0.03074	0.75830	0.69799
ENCSR685OFR	0	0.78925	0.35876	0.72183	0.70438
ENCSR774RCO	0	0.52621	0.26398	0.79058	0.72852
ENCSR121ZSL	0	0.59931	0.38271	0.64735	0.64428
ENCSR006IJP	0	0.27871	0.07415	0.67146	0.64054
ENCSR867XFA	0	0.37921	0.16150	0.83221	0.78390
ENCSR444VTC	0	0.24317	0.05508	0.79922	0.71015
ENCSR163BSC	0	0.45733	0.20500	0.83394	0.78335
ENCSR000EQH	0	0.24404	0.05160	0.72989	0.69425
ENCSR400MOP	0	0.42911	0.17036	0.81468	0.76171
ENCSR240TPI	0	0.62220	0.35145	0.66436	0.65081
ENCSR437OOJ	0	0.75378	0.35334	0.80364	0.72920
ENCSR986YWZ	0	0.38619	0.19543	0.72063	0.66362
ENCSR159GFS	0	0.70099	0.25604	0.77373	0.74093
ENCSR111WTE	0	0.47929	0.25709	0.76602	0.65676
ENCSR257BGZ	0	0.54882	0.31248	0.70463	0.67756
ENCSR232NLA	0	0.30804	0.14317	0.87903	0.81881
ENCSR373TDL	0	0.54547	0.17516	0.86391	0.83029
ENCSR090IDV	0	0.34023	0.15261	0.86681	0.84776
ENCSR662RIZ	0	0.51387	0.20545	0.89979	0.87717
ENCSR637ZLM	0	0.38325	0.14011	0.89763	0.87004
ENCSR011SAG	0	0.42941	0.17056	0.81990	0.76399
ENCSR723JLG	0	0.23129	0.07412	0.76958	0.75052
ENCSR459AYS	0	0.73970	0.30964	0.76643	0.70352
ENCSR817ALC	0	0.28792	0.11098	0.87657	0.86004
ENCSR888UPQ	0	0.22462	0.05111	0.76073	0.71918
ENCSR163PKT	0	0.33653	0.15875	0.90745	0.88091
ENCSR000ENV	0	0.37779	0.10988	0.67320	0.62506
ENCSR809LCE	0	0.41115	0.14603	0.66776	0.64259
ENCSR000EOE	0	0.53276	0.26017	0.67261	0.61336
ENCSR097AMI	0	0.19616	0.05463	0.88463	0.78281
ENCSR000FFJ	0	0.56351	0.34082	0.67306	0.64052
ENCSR122NRV	0	0.32114	0.11810	0.87318	0.84575
ENCSR154UWN	0	0.66885	0.24133	0.75642	0.69741
ENCSR134OSR	0	0.60362	0.21038	0.68164	0.67017
ENCSR113DHB	0	0.47622	0.20344	0.82395	0.76846
ENCSR389BWT	0	0.22531	0.06811	0.85760	0.80353
ENCSR467MSP	0	0.34241	0.13697	0.82787	0.78938
ENCSR948MQC	0	0.80917	0.46351	0.82793	0.73879
ENCSR858GTE	0	0.64001	0.23010	0.69874	0.65100
ENCSR763AKE	0	0.46525	0.20861	0.81450	0.74123
ENCSR515CDW	0	0.33198	0.06403	0.84842	0.81631
ENCSR832XVZ	0	0.28028	0.08896	0.88843	0.86021
ENCSR895KTN	0	0.53084	0.28740	0.84183	0.77089
ENCSR184LMY	0	0.58842	0.29741	0.64653	0.61672
ENCSR417LPB	0	0.40775	0.16811	0.85341	0.81888
ENCSR331JFZ	0	0.47834	0.10991	0.62193	0.61632
ENCSR496UJY	0	0.41072	0.17650	0.88411	0.84625
ENCSR238VHV	0	0.80755	0.44877	0.78121	0.69265
ENCSR718HWW	0	0.72124	0.28757	0.70060	0.67817
ENCSR000EOP	0	0.38353	0.12062	0.71032	0.68882
ENCSR225FZH	0	0.65399	0.23609	0.75967	0.70369
ENCSR276MDV	0	0.37367	0.14219	0.88083	0.84979
ENCSR731KDL	0	0.22049	0.08204	0.88186	0.82737
ENCSR566HLQ	0	0.17924	0.04704	0.87716	0.78048
ENCSR761ZFA	0	0.25965	0.06361	0.76185	0.70570
ENCSR102RSU	0	0.40427	0.15231	0.83546	0.80561
ENCSR082PDJ	0	0.27699	0.09612	0.88428	0.84123
ENCSR513EVP	0	0.62361	0.20131	0.84141	0.80905
ENCSR000EMA	0	0.41634	0.10498	0.60342	0.56922
ENCSR330WUK	0	0.59725	0.17653	0.80127	0.74130
ENCSR635GDW	0	0.40580	0.16130	0.88640	0.85251
ENCSR762FCX	0	0.21346	0.05727	0.81201	0.75895
ENCSR015BGH	0	0.42147	0.17379	0.69361	0.62897
ENCSR180HEL	0	0.69771	0.28945	0.70720	0.65853
ENCSR563CZB	0	0.38766	0.13198	0.88590	0.87758
ENCSR209ECO	0	0.32545	0.11391	0.91283	0.89926
ENCSR254BCA	0	0.17334	0.04782	0.87199	0.76530
ENCSR000ENS	0	0.54852	0.26469	0.66234	0.60174
ENCSR215DXT	0	0.36070	0.11695	0.91038	0.89024
ENCSR553WJB	0	0.46118	0.20174	0.82796	0.77575
ENCSR889YWJ	0	0.22426	0.05915	0.85381	0.78813
ENCSR392UJM	0	0.84521	0.54248	0.81548	0.75533
ENCSR025BWH	0	0.26033	0.10359	0.87460	0.78954
ENCSR082JCE	0	0.23878	0.04841	0.76058	0.68717
ENCSR937RVN	0	0.22368	0.05659	0.66830	0.64365
ENCSR872DUY	0	0.41880	0.19525	0.83926	0.78550
ENCSR503UFM	0	0.37855	0.14499	0.86520	0.84507
ENCSR653ZWW	0	0.75825	0.36162	0.84214	0.78027
ENCSR382LBS	0	0.78279	0.36422	0.72278	0.69042
ENCSR792ZXA	0	0.49444	0.29676	0.88191	0.84742
ENCSR414DVK	0	0.44640	0.10567	0.83605	0.81164
ENCSR831KAH	0	0.53656	0.16633	0.86085	0.83365
ENCSR814RGG	0	0.74694	0.35328	0.84970	0.78058
ENCSR100OSB	0	0.37199	0.17733	0.83648	0.77108
ENCSR000ELX	0	0.37162	0.08289	0.64685	0.59774
ENCSR956ZHU	0	0.23454	0.06242	0.80473	0.74161
ENCSR368FYV	0	0.66471	0.24896	0.68906	0.64946
ENCSR000EMB	0	0.57183	0.26282	0.62358	0.59520
ENCSR359HFH	0	0.64765	0.23975	0.68278	0.65072
ENCSR057GPV	0	0.38100	0.14356	0.81202	0.75243
ENCSR237BOF	0	0.26100	0.09848	0.89576	0.84964
ENCSR815DWW	0	0.24693	0.08221	0.86002	0.79586
ENCSR263IGU	0	0.31799	0.10252	0.75841	0.70509
ENCSR408GYQ	0	0.50292	0.25867	0.78439	0.72648
ENCSR558ZSN	0	0.79437	0.38764	0.71783	0.67864
ENCSR010TMX	0	0.31220	0.10070	0.84466	0.79478
ENCSR991PBP	0	0.72373	0.27884	0.68925	0.66748
ENCSR582QEW	0	0.21648	0.08266	0.86746	0.77997
ENCSR457JOG	0	0.37324	0.15169	0.83106	0.77781
ENCSR286WIA	0	0.29110	0.07222	0.73937	0.67606
ENCSR363LUK	0	0.27311	0.10812	0.81619	0.72509
ENCSR516YAD	0	0.78383	0.40272	0.81416	0.76448
ENCSR019XCN	0	0.66881	0.24716	0.79180	0.76591
ENCSR930PDT	0	0.40145	0.18719	0.80849	0.74382
ENCSR214QEO	0	0.23397	0.06441	0.74307	0.68990
ENCSR628GQE	0	0.40641	0.14577	0.94068	0.92741
ENCSR373NFA	0	0.79069	0.38775	0.71076	0.66260
ENCSR333BUP	0	0.39338	0.13889	0.83164	0.80875
ENCSR747RGR	0	0.27242	0.10034	0.90801	0.86595
ENCSR654WXX	0	0.20711	0.05940	0.85794	0.78799
ENCSR320PGJ	0	0.25689	0.07323	0.69055	0.64132
ENCSR960KGO	0	0.65867	0.26368	0.71560	0.66921
ENCSR695AUY	0	0.27842	0.06583	0.73910	0.72292
ENCSR214XJO	0	0.32307	0.06405	0.70468	0.62097
ENCSR315QWI	0	0.63739	0.24603	0.71404	0.67126
ENCSR164PQJ	0	0.27224	0.08989	0.81521	0.73675
ENCSR979TCG	0	0.82686	0.42388	0.84876	0.84275
ENCSR101QXF	0	0.37545	0.17088	0.89908	0.87435
ENCSR548KIL	0	0.62274	0.20999	0.76907	0.72957
ENCSR092SRS	0	0.68894	0.26408	0.77966	0.73965
ENCSR706GDQ	0	0.62712	0.23540	0.71134	0.67884
ENCSR442OAV	0	0.65375	0.26004	0.66088	0.63155
ENCSR803VCR	0	0.29049	0.08433	0.75989	0.71382
ENCSR496PPU	0	0.84703	0.51025	0.80588	0.73484
ENCSR696XSJ	0	0.28097	0.06264	0.70104	0.62718
ENCSR177GYC	0	0.17352	0.03809	0.88142	0.78997
ENCSR133KBX	0	0.22335	0.05405	0.79751	0.73493
ENCSR206OJJ	0	0.37109	0.16878	0.91962	0.90534
ENCSR673ZMQ	0	0.58556	0.19595	0.75094	0.71358
ENCSR275LCF	0	0.62419	0.21383	0.67287	0.63781
ENCSR024BXN	0	0.36765	0.14126	0.86166	0.82455
ENCSR551LAH	0	0.20762	0.05619	0.86165	0.77727
ENCSR542RNG	0	0.84640	0.51481	0.79247	0.73736
ENCSR323LVJ	0	0.44856	0.20343	0.75104	0.67691
ENCSR826URD	0	0.34193	0.14230	0.91680	0.87539
ENCSR155NPL	0	0.32741	0.07303	0.71268	0.67323
ENCSR855BMI	0	0.71638	0.29396	0.78434	0.70675
ENCSR060ZXQ	0	0.26377	0.08934	0.84807	0.80051
ENCSR252NVI	0	0.47607	0.22026	0.72335	0.64670
ENCSR176BPJ	0	0.39520	0.16531	0.89753	0.86650
ENCSR564TUY	0	0.31088	0.06446	0.73360	0.69160
ENCSR338NEI	0	0.42342	0.19663	0.92664	0.90635
ENCSR095GWE	0	0.46280	0.27322	0.80680	0.75814
ENCSR370QWN	0	0.61620	0.19367	0.76619	0.72205
ENCSR859LTL	0	0.36905	0.14395	0.82312	0.80256
ENCSR158YXM	0	0.30106	0.17202	0.84522	0.76353
ENCSR648RAX	0	0.34223	0.08622	0.64276	0.61195
ENCSR832IQN	0	0.50499	0.24249	0.71430	0.65754
ENCSR476SDZ	0	0.28173	0.07383	0.72030	0.66588
ENCSR000EPE	0	0.56910	0.27993	0.66029	0.63498
ENCSR943BCO	0	0.18487	0.04319	0.87736	0.77675
ENCSR524DWS	0	0.27554	0.05648	0.74114	0.67914
ENCSR086PIL	0	0.33751	0.11244	0.91994	0.89741
ENCSR911YVV	0	0.30918	0.08370	0.79550	0.73875
ENCSR572HUG	0	0.38341	0.16368	0.82989	0.76029
ENCSR683QJJ	0	0.52640	0.28936	0.78897	0.70013
ENCSR839IAD	0	0.63801	0.24032	0.72673	0.67436
ENCSR594OWA	0	0.26133	0.05157	0.67550	0.63387
ENCSR383RDZ	0	0.60491	0.20269	0.71125	0.67501
ENCSR923VTG	0	0.82122	0.45927	0.87520	0.79863
ENCSR253QLW	0	0.70294	0.29928	0.65061	0.61472
ENCSR485UQY	0	0.40515	0.15155	0.85179	0.80507
ENCSR409ZBD	0	0.30333	0.11295	0.88192	0.83745
ENCSR233HSC	0	0.68169	0.29187	0.69629	0.66066
ENCSR254AGA	0	0.20844	0.03582	0.77439	0.69421
ENCSR042AWH	0	0.66785	0.28357	0.75441	0.69347
ENCSR838IPF	0	0.21100	0.06158	0.83460	0.77286
ENCSR366YTD	0	0.29073	0.09529	0.76767	0.73747
ENCSR262QJC	0	0.19063	0.04127	0.77725	0.74994
ENCSR009KWQ	0	0.52925	0.28578	0.83731	0.79051
ENCSR922YEW	0	0.42650	0.19889	0.83401	0.80134
ENCSR744UQK	0	0.21248	0.06593	0.87766	0.79186
ENCSR250GDW	0	0.44116	0.23463	0.76680	0.65111
ENCSR299INS	0	0.32993	0.11587	0.75854	0.69524
ENCSR395HAE	0	0.36882	0.14337	0.83302	0.79044
ENCSR496PSH	0	0.42689	0.18655	0.84850	0.79973
ENCSR133CMC	0	0.75281	0.35397	0.76477	0.69277
ENCSR623PVB	0	0.26886	0.11432	0.87593	0.83649
ENCSR019JDO	0	0.39554	0.18945	0.74012	0.65864
ENCSR210ESN	0	0.42157	0.14908	0.89374	0.88019
ENCSR905PWV	0	0.67423	0.26957	0.68656	0.64033
ENCSR178JBL	0	0.24699	0.05486	0.69432	0.62155
ENCSR689DSM	0	0.47860	0.22474	0.83437	0.77648
ENCSR934AWQ	0	0.70621	0.28799	0.79536	0.76934
ENCSR278FHC	0	0.24003	0.05930	0.73629	0.68509
ENCSR373GMM	0	0.76042	0.35105	0.69041	0.69047
ENCSR476WNA	0	0.84325	0.53420	0.86700	0.80573
ENCSR886VCC	0	0.81733	0.44908	0.67658	0.61919
ENCSR000ENF	0	0.21888	0.05472	0.76381	0.74786
ENCSR541KFY	0	0.78322	0.34522	0.83523	0.80968
ENCSR544KDB	0	0.24429	0.07136	0.79241	0.76413
ENCSR862SQC	0	0.38128	0.14959	0.76713	0.68172
ENCSR062DUU	0	0.19237	0.04543	0.78960	0.69758
ENCSR851ZFT	0	0.29411	0.07700	0.76538	0.71371
ENCSR908MUU	0	0.30653	0.11386	0.86873	0.84444
ENCSR565EBN	0	0.27067	0.06819	0.75977	0.69015
ENCSR968TPO	0	0.34076	0.14735	0.86746	0.83686
ENCSR939EVW	0	0.65069	0.27262	0.71862	0.68364
ENCSR112AKE	0	0.31541	0.10597	0.89799	0.87299
ENCSR322SBN	0	0.59829	0.19928	0.69217	0.66552
ENCSR086FTP	0	0.16714	0.04292	0.88097	0.75293
ENCSR989YIV	0	0.25990	0.06279	0.74855	0.68479
ENCSR502FPR	0	0.33710	0.12202	0.92315	0.90635
ENCSR594NOE	0	0.50442	0.27539	0.72348	0.66269
ENCSR678ILN	0	0.51811	0.28581	0.81291	0.77802
ENCSR819EPD	0	0.17859	0.04268	0.88660	0.77682
ENCSR846VGZ	0	0.35963	0.13664	0.92356	0.91339
ENCSR938UOR	0	0.17607	0.03959	0.75202	0.70687
ENCSR115OIV	0	0.80178	0.38043	0.69672	0.66297
ENCSR561ZLY	0	0.23187	0.09293	0.83788	0.79621
ENCSR141RSN	0	0.36020	0.17212	0.84081	0.78963
ENCSR017RQC	0	0.55682	0.19268	0.87464	0.83773
ENCSR000EOQ	0	0.53266	0.31110	0.66476	0.62706
ENCSR516RTV	0	0.41624	0.15875	0.91297	0.89187
ENCSR611BQR	0	0.78818	0.39146	0.73519	0.69632
ENCSR866RCY	0	0.22858	0.03987	0.75515	0.67078
ENCSR963ALV	0	0.51198	0.28711	0.87767	0.83108
ENCSR381LJX	0	0.62345	0.21774	0.73001	0.67470
ENCSR695FLC	0	0.80645	0.39809	0.73602	0.69395
ENCSR984SDD	0	0.32727	0.11513	0.87178	0.84870
ENCSR445QDZ	0	0.27938	0.12799	0.85917	0.81354
ENCSR622TWS	0	0.57058	0.26672	0.65544	0.61853
ENCSR569ATD	0	0.28469	0.09909	0.77137	0.74137
ENCSR006MAW	0	0.38179	0.15644	0.89400	0.86046
ENCSR926SNI	0	0.18263	0.04567	0.87665	0.79502
ENCSR384GGJ	0	0.34102	0.13593	0.84932	0.81111
ENCSR686LOE	0	0.42299	0.16644	0.88675	0.86515
ENCSR986HEN	0	0.24890	0.05298	0.78292	0.71937
ENCSR531HPD	0	0.25609	0.06344	0.75596	0.70120
ENCSR504OUW	0	0.68836	0.23911	0.77841	0.74330
ENCSR385SZQ	0	0.58806	0.27461	0.70624	0.66160
ENCSR911LTI	0	0.53191	0.26142	0.66804	0.61507
ENCSR926TFY	0	0.65207	0.20509	0.75016	0.70211
ENCSR830ALP	0	0.79623	0.38198	0.72635	0.68276
ENCSR025MEO	0	0.70991	0.31961	0.69980	0.65280
ENCSR789VGQ	0	0.56766	0.26326	0.68539	0.65949
ENCSR993XED	0	0.69738	0.27684	0.78164	0.74219
ENCSR802GEV	0	0.44232	0.11325	0.63922	0.63086
ENCSR249FXU	0	0.65661	0.26416	0.75692	0.70271
ENCSR563ZNI	0	0.75712	0.35978	0.75391	0.68207
ENCSR000ENU	0	0.40992	0.14417	0.42456	0.39234
ENCSR435NHO	0	0.29460	0.13198	0.80330	0.74169
ENCSR913OWV	0	0.83124	0.46802	0.82142	0.76432
ENCSR270LZE	0	0.19778	0.05510	0.75585	0.71074
ENCSR038WVV	0	0.64272	0.23889	0.70460	0.66625
ENCSR432QFU	0	0.41923	0.17181	0.82264	0.76187
ENCSR889ONK	0	0.25035	0.08691	0.87470	0.80070
ENCSR374ZRW	0	0.79303	0.40842	0.79806	0.71667
ENCSR062DXC	0	0.19816	0.04778	0.75455	0.71286
ENCSR022ECC	0	0.27745	0.06961	0.81851	0.75546
ENCSR545KQR	0	0.39418	0.10519	0.61049	0.58203
ENCSR881CRY	0	0.31992	0.09364	0.82911	0.78473
ENCSR101HFF	0	0.38353	0.16358	0.85811	0.81269
ENCSR920FQJ	0	0.61543	0.21323	0.69219	0.66430
ENCSR493IAY	0	0.47926	0.22663	0.71839	0.62519
ENCSR001QTZ	0	0.39088	0.15133	0.84427	0.82009
ENCSR771JQH	0	0.41779	0.21733	0.83624	0.78813
ENCSR000ENG	0	0.36628	0.09874	0.68327	0.64329
ENCSR736VVP	0	0.28806	0.14298	0.87936	0.85238
ENCSR116UQH	0	0.42466	0.16613	0.85684	0.82803
ENCSR904GDU	0	0.22234	0.06566	0.87437	0.81308
ENCSR811OUF	0	0.36214	0.12753	0.88244	0.86277
ENCSR344ZTM	0	0.51937	0.14925	0.75776	0.75297
ENCSR458AOS	0	0.49274	0.23800	0.82356	0.78361
ENCSR231BZU	0	0.69632	0.27040	0.66648	0.64581
ENCSR217SET	0	0.43083	0.25249	0.67727	0.65243
ENCSR546FUC	0	0.23127	0.08073	0.86179	0.79147
ENCSR805XIF	0	0.42830	0.19098	0.83854	0.78328
ENCSR485TLP	0	0.90287	0.60603	0.86849	0.85829
ENCSR059NIN	0	0.38550	0.14895	0.90190	0.87665
ENCSR909HFI	0	0.47105	0.22227	0.81018	0.77974
ENCSR688OIJ	0	0.25832	0.06788	0.87996	0.82983
ENCSR984HJW	0	0.37557	0.14321	0.88731	0.85094
ENCSR582IPV	0	0.50588	0.29151	0.70831	0.67066
ENCSR796YOJ	0	0.33268	0.12058	0.92824	0.91258
ENCSR635AIF	0	0.42606	0.08083	0.71085	0.68929
ENCSR796SJV	0	0.29177	0.09920	0.77201	0.73147
ENCSR163KRG	0	0.59297	0.17090	0.65111	0.62321
ENCSR635VQU	0	0.39227	0.16107	0.76889	0.71985
ENCSR386XPD	0	0.36105	0.15814	0.90228	0.87828
ENCSR152AVY	0	0.21009	0.05664	0.87879	0.80700
ENCSR934IKS	0	0.23468	0.08020	0.87975	0.82354
ENCSR442SDV	0	0.24329	0.08620	0.87506	0.82906
ENCSR554WUJ	0	0.33291	0.09300	0.76074	0.70581
ENCSR656QYL	0	0.30966	0.08080	0.77286	0.71459
ENCSR545UJP	0	0.73364	0.33182	0.75907	0.72861
ENCSR705GCU	0	0.25099	0.10221	0.85409	0.80683
ENCSR670VQZ	0	0.32336	0.06714	0.62433	0.58607
ENCSR802AJE	0	0.27472	0.06070	0.69069	0.63106
ENCSR770DEN	0	0.57798	0.28183	0.64165	0.60214
ENCSR537TXP	0	0.21704	0.07487	0.88217	0.82682
ENCSR000FDI	0	0.51704	0.26181	0.69798	0.65341
ENCSR000EPV	0	0.57080	0.31818	0.65497	0.61667
ENCSR424MWH	0	0.46675	0.23309	0.75139	0.66819
ENCSR964VVW	0	0.27289	0.08561	0.69603	0.67781
ENCSR303YII	0	0.28759	0.07150	0.74523	0.70130
ENCSR585CGU	0	0.29206	0.06734	0.73784	0.67372
ENCSR108SYM	0	0.34884	0.14305	0.85872	0.82137
ENCSR669NQZ	0	0.33033	0.12614	0.86158	0.80251
ENCSR097BWW	0	0.53611	0.30759	0.81720	0.76341
ENCSR865CYW	0	0.39036	0.17749	0.90712	0.88352
ENCSR874DUP	0	0.26935	0.09606	0.85334	0.79124
ENCSR367WVH	0	0.27414	0.12506	0.86719	0.81061
ENCSR248ZAC	0	0.59846	0.17311	0.84729	0.79246
ENCSR955JSO	0	0.64993	0.23553	0.83343	0.77987
ENCSR294DND	0	0.41827	0.19723	0.84335	0.78684
ENCSR810CTB	0	0.30768	0.10327	0.83981	0.77697
ENCSR749YCR	0	0.18762	0.04563	0.88737	0.77338
ENCSR000ENI	0	0.61439	0.32305	0.66942	0.64001
ENCSR312UCH	0	0.61907	0.19237	0.65312	0.62871
ENCSR000RBT	0	0.61358	0.22213	0.70639	0.67712
ENCSR053SGP	0	0.68395	0.26169	0.77554	0.70635
ENCSR025EYJ	0	0.20469	0.05915	0.86896	0.79296
ENCSR606UAR	0	0.28977	0.07624	0.80649	0.74988
ENCSR286STX	0	0.75859	0.35068	0.74167	0.67218
ENCSR558SUT	0	0.40252	0.15290	0.88624	0.85514
ENCSR382JUJ	0	0.42764	0.27351	0.67717	0.63380
ENCSR251POP	0	0.81039	0.46117	0.78822	0.71199
ENCSR131CHJ	0	0.63776	0.19879	0.76406	0.71490
ENCSR314IBN	0	0.16108	0.03629	0.87737	0.76652
ENCSR134BSY	0	0.20725	0.05366	0.87607	0.79817
ENCSR383BLX	0	0.59809	0.31260	0.64055	0.60694
ENCSR612CTW	0	0.40329	0.19493	0.85367	0.78908
ENCSR000EMD	0	0.46309	0.15436	0.64063	0.61213
ENCSR753QKD	0	0.29416	0.06883	0.71745	0.66139
ENCSR888ZIZ	0	0.33082	0.12804	0.89624	0.86670
ENCSR365FVU	0	0.35512	0.13359	0.90065	0.88894
ENCSR654GSG	0	0.35439	0.13062	0.86564	0.82863
ENCSR258RSH	0	0.72803	0.31587	0.77802	0.75102
ENCSR271QSV	0	0.41704	0.12029	0.74794	0.69210
ENCSR885AWF	0	0.25273	0.07582	0.85756	0.81981
ENCSR324NVG	0	0.33309	0.12975	0.92137	0.90575
ENCSR036VRV	0	0.23845	0.06004	0.83028	0.77096
ENCSR670BGI	0	0.37947	0.14095	0.92618	0.90817
ENCSR917WJS	0	0.69767	0.30311	0.69791	0.64852
ENCSR503RWO	0	0.41880	0.18782	0.76201	0.71963
ENCSR587TRP	0	0.85624	0.53499	0.74570	0.71165
ENCSR129HDK	0	0.20262	0.06102	0.87837	0.81571
ENCSR986XLW	0	0.37158	0.08438	0.64328	0.60337
ENCSR470QCE	0	0.21223	0.06027	0.86850	0.78909
ENCSR000EPY	0	0.33115	0.08580	0.61031	0.59962
ENCSR000FJH	0	0.40127	0.12281	0.55996	0.51335
ENCSR060UPU	0	0.36551	0.13851	0.88712	0.86300
ENCSR453RFW	0	0.22985	0.07195	0.89875	0.86567
ENCSR964MZQ	0	0.48195	0.28059	0.71637	0.66555
ENCSR114XWV	0	0.40402	0.18252	0.83111	0.76060
ENCSR915MTG	0	0.72477	0.32035	0.74854	0.71440
ENCSR134CIY	0	0.28104	0.08839	0.86187	0.80988
ENCSR771DAX	0	0.40869	0.18857	0.69899	0.62376
ENCSR535NOD	0	0.64526	0.22131	0.79648	0.73965
ENCSR233DFT	0	0.45237	0.21224	0.86854	0.81830
ENCSR879EVD	0	0.43578	0.19372	0.84816	0.80234
ENCSR000EQI	0	0.56200	0.30954	0.68123	0.61189
ENCSR839GHA	0	0.37196	0.13866	0.86418	0.83557
ENCSR990NNX	0	0.85003	0.52213	0.86873	0.78690
ENCSR510GRY	0	0.30251	0.09782	0.91371	0.88804
ENCSR769DGC	0	0.73232	0.32132	0.84544	0.74883
ENCSR965JHW	0	0.30986	0.10917	0.84457	0.79259
ENCSR775KLH	0	0.42556	0.18056	0.89327	0.85480
ENCSR680SDS	0	0.31447	0.11688	0.75690	0.71560
ENCSR440BPA	0	0.41025	0.14598	0.88328	0.85936
ENCSR785ZUI	0	0.52176	0.26315	0.90932	0.88148
ENCSR740DJQ	0	0.30486	0.11980	0.84421	0.77782
ENCSR355SGJ	0	0.64181	0.25615	0.81193	0.76434
ENCSR260UJJ	0	0.20224	0.05801	0.88916	0.84993
ENCSR102RXG	0	0.74350	0.33240	0.77606	0.75647
ENCSR273GCF	0	0.25269	0.07907	0.86654	0.78704
ENCSR273USD	0	0.23977	0.06233	0.87522	0.81349
ENCSR388DHS	0	0.39694	0.15972	0.85798	0.81722
ENCSR726YMS	0	0.24437	0.05831	0.81063	0.73737
ENCSR593OUE	0	0.34190	0.15360	0.85355	0.78946
ENCSR195GUK	0	0.39248	0.15914	0.85826	0.81649
ENCSR788SKJ	0	0.30340	0.10466	0.84191	0.79132
ENCSR010SZN	0	0.42332	0.19423	0.88256	0.84653
ENCSR295TFY	0	0.73017	0.38073	0.84515	0.78379
ENCSR247IUJ	0	0.24646	0.06656	0.77308	0.75164
ENCSR872MAO	0	0.56157	0.20749	0.85731	0.82887
ENCSR205ECC	0	0.27564	0.07369	0.84613	0.79380
ENCSR507DQC	0	0.51977	0.23602	0.78530	0.72569
ENCSR076YBB	0	0.23683	0.04868	0.68351	0.65148
ENCSR851SBY	0	0.64198	0.22911	0.86110	0.81303
ENCSR124PXN	0	0.30277	0.09424	0.82762	0.79313
ENCSR729FNL	0	0.37197	0.08227	0.75283	0.74537
ENCSR299QGI	0	0.41019	0.17375	0.84388	0.78780
ENCSR624ODL	0	0.86037	0.56809	0.76033	0.71413
ENCSR698VDM	0	0.27949	0.10650	0.85645	0.78958
ENCSR954AJK	0	0.36754	0.17504	0.89596	0.86310
ENCSR452EGE	0	0.28230	0.07812	0.74379	0.66918
ENCSR335LHS	0	0.77300	0.37460	0.79513	0.73076
ENCSR335XRZ	0	0.68018	0.25277	0.77372	0.73730
ENCSR335JVB	0	0.63372	0.22111	0.70738	0.67657
ENCSR581LHW	0	0.45775	0.21579	0.92061	0.90828
ENCSR301RCD	0	0.20710	0.05137	0.78964	0.73490
ENCSR059LXL	0	0.23438	0.07837	0.73522	0.70139
ENCSR115YPI	0	0.36535	0.17210	0.81415	0.71924
ENCSR502GWQ	0	0.18613	0.04870	0.88292	0.78058
ENCSR983HXF	0	0.71069	0.28582	0.75595	0.74040
ENCSR229BGG	0	0.24716	0.09902	0.85381	0.80792
ENCSR705CNJ	0	0.52908	0.31035	0.72395	0.66047
ENCSR658UBE	0	0.40814	0.17017	0.87777	0.83325
ENCSR289GZQ	0	0.26619	0.09604	0.90699	0.87894
ENCSR682ZZT	0	0.41983	0.18221	0.80066	0.74506
ENCSR658NVL	0	0.36657	0.11748	0.82736	0.77268
ENCSR935EVZ	0	0.43380	0.15557	0.72737	0.66894
ENCSR610AQP	0	0.79644	0.35001	0.71756	0.69102
ENCSR960EJV	0	0.29439	0.08518	0.69539	0.65624
ENCSR872IXQ	0	0.25652	0.07621	0.90857	0.85966
ENCSR156FDX	0	0.58514	0.16912	0.76383	0.72195
ENCSR125OEJ	0	0.25366	0.09504	0.91212	0.86475
ENCSR580JBA	0	0.69657	0.28084	0.66203	0.62710
ENCSR860UTH	0	0.47822	0.22894	0.83927	0.79220
ENCSR598RRF	0	0.37830	0.16901	0.83906	0.76352
ENCSR000EOA	0	0.46329	0.15370	0.62197	0.57167
ENCSR895GSY	0	0.42577	0.16948	0.87502	0.83588
ENCSR555TFE	0	0.37626	0.09911	0.62760	0.59500
ENCSR620WAR	0	0.48669	0.31108	0.65784	0.63837
ENCSR782SSS	0	0.25395	0.04850	0.67893	0.63863
ENCSR188JLO	0	0.21714	0.05452	0.72150	0.68526
ENCSR660FSU	0	0.30934	0.11453	0.85257	0.79166
ENCSR587SZC	0	0.34461	0.12359	0.87940	0.84454
ENCSR902CFR	0	0.65044	0.25125	0.71110	0.66426
ENCSR749WVO	0	0.35241	0.13505	0.86280	0.83948
ENCSR483RKN	0	0.67590	0.29891	0.78842	0.70536
ENCSR080SNF	0	0.76864	0.33905	0.67025	0.64609
ENCSR282QFE	0	0.25884	0.06293	0.79887	0.72409
ENCSR866ODX	0	0.51062	0.22643	0.82286	0.78052
ENCSR180KMR	0	0.37731	0.13841	0.82682	0.78220
ENCSR346GIP	0	0.27761	0.11314	0.85525	0.79121
ENCSR951XEN	0	0.23760	0.05742	0.72823	0.67424
ENCSR451JSB	0	0.77217	0.38660	0.81318	0.74642
ENCSR122VUW	0	0.43501	0.13366	0.73675	0.67246
ENCSR552XJI	0	0.36013	0.15340	0.83603	0.79620
ENCSR259GYP	0	0.50148	0.22200	0.79816	0.75791
ENCSR735MJZ	0	0.17380	0.04664	0.86828	0.78106
ENCSR965ZWZ	0	0.22326	0.07210	0.88123	0.80827
ENCSR478SWA	0	0.42325	0.18270	0.76164	0.70398
ENCSR464TKV	0	0.45015	0.20402	0.82213	0.76293
ENCSR006IMH	0	0.47193	0.18958	0.84415	0.80189
ENCSR240TZG	0	0.22442	0.06272	0.85890	0.77894
ENCSR324SGE	0	0.24948	0.06857	0.83809	0.78391
ENCSR607BTF	0	0.82311	0.47229	0.72872	0.68482
ENCSR000EML	0	0.50095	0.24457	0.67675	0.61071
ENCSR010ZMK	0	0.30273	0.07677	0.77022	0.69867
ENCSR014GTH	0	0.46928	0.20509	0.90034	0.88485
ENCSR662HMO	0	0.51938	0.32095	0.73477	0.66128
ENCSR863LZT	0	0.21273	0.06064	0.85370	0.78185
ENCSR297VGU	0	0.78634	0.41747	0.84592	0.75954
ENCSR246PXX	0	0.26445	0.06289	0.75634	0.69352
ENCSR009MDC	0	0.34450	0.17842	0.89494	0.85428
ENCSR107XZC	0	0.33409	0.12944	0.87069	0.81408
ENCSR381PXW	0	0.42168	0.27877	0.78120	0.71996
ENCSR082XEU	0	0.20812	0.05588	0.83421	0.77228
ENCSR302PTB	0	0.71596	0.32744	0.82352	0.74882
ENCSR335EYA	0	0.19738	0.05293	0.86986	0.75568
ENCSR872WGW	0	0.77225	0.36649	0.74909	0.72617
ENCSR186NTL	0	0.26506	0.10247	0.84833	0.79476
ENCSR625WLB	0	0.25977	0.09186	0.87508	0.80458
ENCSR179CDH	0	0.40637	0.15224	0.68765	0.64246
ENCSR736CIN	0	0.59817	0.18775	0.84804	0.79548
ENCSR627UDJ	0	0.17167	0.03328	0.78269	0.62387
ENCSR092WMD	0	0.24671	0.07144	0.78643	0.74667
ENCSR148MFM	0	0.22736	0.07511	0.79611	0.76857
ENCSR126EVX	0	0.39669	0.18110	0.81927	0.76637
ENCSR660WSB	0	0.75352	0.34844	0.73094	0.68652
ENCSR788SOI	0	0.21938	0.05781	0.81848	0.76460
ENCSR235OZX	0	0.18150	0.03897	0.87601	0.76758
ENCSR839UOB	0	0.70592	0.31964	0.73122	0.66623
ENCSR962VJO	0	0.43443	0.19841	0.85797	0.80495
ENCSR924IHU	0	0.40378	0.14198	0.90519	0.89079
ENCSR822BAD	0	0.67391	0.27600	0.83669	0.76901
ENCSR155NBS	0	0.26825	0.09174	0.86195	0.80201
ENCSR284GAG	0	0.20800	0.05386	0.87089	0.79850
ENCSR133SPH	0	0.26126	0.05594	0.67374	0.63092
ENCSR000EMK	0	0.38270	0.12102	0.75294	0.71129
ENCSR566LZT	0	0.58408	0.15999	0.73550	0.70420
ENCSR000EPT	0	0.31631	0.09089	0.63907	0.62844
ENCSR928SYE	0	0.28321	0.07305	0.76028	0.72361
ENCSR609GST	0	0.47824	0.11691	0.83284	0.80425
ENCSR096VEO	0	0.63633	0.24643	0.72637	0.68780
ENCSR144NXI	0	0.42057	0.19518	0.80734	0.74748
ENCSR383SNM	0	0.49341	0.19591	0.81308	0.78153
ENCSR933VOY	0	0.23134	0.06929	0.88950	0.80752
ENCSR305WAA	0	0.34698	0.12974	0.88654	0.85238
ENCSR962EAP	0	0.26609	0.08809	0.77898	0.73917
ENCSR946MVP	0	0.51290	0.31625	0.71139	0.63219
ENCSR336RGT	0	0.38919	0.16489	0.75386	0.73014
ENCSR217RVH	0	0.56184	0.27935	0.65320	0.61050
ENCSR799MAX	0	0.25481	0.06748	0.86383	0.81077
ENCSR450PWF	0	0.46179	0.19207	0.58926	0.57112
ENCSR814KRX	0	0.55884	0.38485	0.63010	0.60870
ENCSR000EPI	0	0.49660	0.16161	0.50985	0.49251
ENCSR501FWC	0	0.41723	0.19356	0.70609	0.65616
ENCSR921PPJ	0	0.38095	0.12698	0.87591	0.85282
ENCSR129KIV	0	0.28764	0.06073	0.76964	0.71304
ENCSR306BHE	0	0.49553	0.27612	0.72569	0.68890
ENCSR364MFN	0	0.52498	0.29746	0.85242	0.77000
ENCSR147QLU	0	0.40277	0.15064	0.82257	0.77468
ENCSR222CLC	0	0.40542	0.17817	0.86284	0.80941
ENCSR841LHT	0	0.75677	0.33995	0.72221	0.72291
ENCSR742HBK	0	0.48326	0.23892	0.83687	0.78399
ENCSR520WTV	0	0.47646	0.26405	0.79343	0.75742
ENCSR606QDB	0	0.38341	0.13285	0.90130	0.88165
ENCSR428ZCP	0	0.37527	0.15033	0.90010	0.86805
ENCSR026EOM	0	0.34895	0.09566	0.74890	0.70851
ENCSR679NRJ	0	0.50938	0.12234	0.77471	0.74884
ENCSR859HEW	0	0.27316	0.08640	0.87619	0.85530
ENCSR214NLQ	0	0.42567	0.17896	0.83190	0.78071
ENCSR933GMM	0	0.43956	0.18677	0.87677	0.83544
ENCSR515PDV	0	0.22906	0.09618	0.89138	0.85085
ENCSR000EPD	0	0.56111	0.28713	0.68756	0.65810
ENCSR910OQF	0	0.52401	0.32972	0.80531	0.74840
ENCSR213WNV	0	0.21844	0.07430	0.88420	0.80961
ENCSR776BTO	0	0.37477	0.17865	0.83158	0.77059
ENCSR182VGJ	0	0.79435	0.44983	0.86781	0.76492
ENCSR491VKV	0	0.81845	0.46978	0.81266	0.73553
ENCSR274XTS	0	0.39851	0.20066	0.87397	0.83373
ENCSR000EPM	0	0.54499	0.23571	0.65248	0.62738
ENCSR239MQN	0	0.35520	0.12548	0.83442	0.79691
ENCSR881FBS	0	0.42800	0.16181	0.83771	0.81155
ENCSR548MMD	0	0.63549	0.41289	0.61868	0.59722
ENCSR208NBF	0	0.69985	0.27716	0.75009	0.68724
ENCSR020LUD	0	0.58588	0.38159	0.74704	0.68793
ENCSR603LVR	0	0.72363	0.30029	0.73694	0.71367
ENCSR337UIU	0	0.68309	0.27000	0.82228	0.74436
ENCSR913NYL	0	0.28918	0.06328	0.76324	0.69312
ENCSR131HOY	0	0.74747	0.37117	0.73462	0.64892
ENCSR422PVL	0	0.20941	0.04297	0.75018	0.71047
ENCSR820ICX	0	0.40558	0.21212	0.81693	0.76883
ENCSR320TUJ	0	0.40180	0.10300	0.73940	0.67945
ENCSR377CRU	0	0.18217	0.04791	0.84748	0.75232
ENCSR337IRF	0	0.59652	0.37051	0.65808	0.63881
ENCSR554WGQ	0	0.64486	0.24695	0.74234	0.68507
ENCSR163QXS	0	0.19458	0.05455	0.86232	0.78748
ENCSR474XFV	0	0.73476	0.31631	0.65711	0.63596
ENCSR177JWR	0	0.82979	0.49518	0.81831	0.74974
ENCSR540PVZ	0	0.23958	0.05217	0.79078	0.73234
ENCSR889WKL	0	0.53101	0.30524	0.46637	0.41265
ENCSR173NHL	0	0.36971	0.16140	0.85040	0.80699
ENCSR157OSO	0	0.74208	0.36812	0.76929	0.70657
ENCSR000ENB	0	0.49852	0.24766	0.68054	0.64546
ENCSR133QZB	0	0.31033	0.14641	0.87631	0.83466
ENCSR971MMF	0	0.23110	0.07364	0.86301	0.81279
ENCSR999VDH	0	0.41439	0.17728	0.85067	0.80247
ENCSR567EEO	0	0.38432	0.19597	0.91993	0.89575
ENCSR000EPQ	0	0.37147	0.09414	0.64252	0.59154
ENCSR357AWH	0	0.36736	0.16925	0.91868	0.89487
ENCSR532CRI	0	0.35742	0.18446	0.79468	0.72999
ENCSR459PVP	0	0.88022	0.55280	0.76278	0.73672
ENCSR926GDT	0	0.68884	0.25327	0.77271	0.71516
ENCSR000EMF	0	0.27675	0.07904	0.65789	0.64635
ENCSR169KNO	0	0.28578	0.10743	0.93441	0.89515
ENCSR664PKM	0	0.53945	0.36066	0.69680	0.66141
ENCSR261PWP	0	0.71397	0.25610	0.72676	0.68342
ENCSR914DTI	0	0.59129	0.19772	0.77529	0.73826
ENCSR617SVO	0	0.35522	0.12514	0.90079	0.88753
ENCSR296TFH	0	0.45793	0.21122	0.81982	0.77799
ENCSR588JXI	0	0.22503	0.07300	0.74278	0.72996
ENCSR846VLJ	0	0.71247	0.31645	0.78408	0.71196
ENCSR724INK	0	0.20361	0.07325	0.87610	0.80352
ENCSR153LHP	0	0.60182	0.34231	0.68846	0.66289
ENCSR212LAZ	0	0.81414	0.44331	0.75276	0.70508
ENCSR299BQG	0	0.24605	0.08235	0.85139	0.81447
ENCSR108PUO	0	0.36509	0.16384	0.94137	0.92967
ENCSR153IUB	0	0.79257	0.40701	0.76204	0.69765
ENCSR778DWG	0	0.22067	0.06816	0.87834	0.80384
ENCSR731ODJ	0	0.57102	0.17738	0.81473	0.77334
ENCSR729TYE	0	0.37072	0.13965	0.91772	0.90316
ENCSR615WIN	0	0.25945	0.06245	0.82273	0.75699
ENCSR988YKR	0	0.36101	0.14122	0.70547	0.68738
ENCSR006XFA	0	0.28606	0.08728	0.87595	0.85901
ENCSR945RWN	0	0.47249	0.27808	0.78533	0.73842
ENCSR637OPZ	0	0.76098	0.35701	0.77459	0.72983
ENCSR975LGK	0	0.26478	0.11099	0.87423	0.82104
ENCSR885ZBV	0	0.37416	0.13868	0.91064	0.88725
ENCSR933HFM	0	0.32225	0.11918	0.86093	0.80158
ENCSR474HQW	0	0.18024	0.04064	0.86324	0.76616
ENCSR279SXQ	0	0.48180	0.21964	0.84575	0.78659
ENCSR166KPV	0	0.53883	0.34553	0.87978	0.85709
ENCSR964WHY	0	0.42624	0.22336	0.83601	0.80716
ENCSR548QCP	0	0.66073	0.27835	0.81954	0.78466
ENCSR019MZH	0	0.22693	0.05939	0.84217	0.79310
ENCSR856QJX	0	0.23428	0.05591	0.79571	0.73230
ENCSR735BIM	0	0.34853	0.07640	0.65036	0.60761
ENCSR422SUG	0	0.73960	0.33330	0.65401	0.59335
ENCSR294YEJ	0	0.47402	0.21235	0.75813	0.70590
ENCSR943MRO	0	0.41047	0.15256	0.84101	0.81142
ENCSR717BBR	0	0.44583	0.20351	0.79647	0.72406
ENCSR863TVR	0	0.72735	0.28207	0.71586	0.70678
ENCSR173HPQ	0	0.21085	0.06528	0.86902	0.80514
ENCSR512CWR	0	0.49174	0.27641	0.75474	0.70017
ENCSR000EOK	0	0.57041	0.24997	0.62861	0.59742
ENCSR000ENY	0	0.56335	0.27715	0.63457	0.59885
ENCSR050VTC	0	0.17868	0.04711	0.87542	0.77515
ENCSR212LYK	0	0.83360	0.44475	0.79026	0.73708
ENCSR996ZCR	0	0.80095	0.43035	0.83773	0.76566
ENCSR366KPR	0	0.25723	0.07940	0.87235	0.81587
ENCSR615YIL	0	0.60749	0.20776	0.70738	0.67430
ENCSR622CAH	0	0.30049	0.06982	0.74529	0.67594
ENCSR621ENC	0	0.45874	0.30090	0.85003	0.82401
ENCSR628NEA	0	0.44398	0.20978	0.84285	0.80370
ENCSR419MZH	0	0.25059	0.04806	0.77920	0.69988
ENCSR510ITB	0	0.27503	0.04856	0.69014	0.63182
ENCSR015FZF	0	0.22858	0.07040	0.87755	0.80179
ENCSR342NCX	0	0.42212	0.21204	0.78159	0.70712
ENCSR014VAC	0	0.20497	0.05290	0.76133	0.71919
ENCSR747SEU	0	0.41314	0.16022	0.83342	0.78717
ENCSR000ENR	0	0.35526	0.09129	0.66844	0.62953
ENCSR475VQD	0	0.53137	0.28208	0.81802	0.75083
ENCSR605SQL	0	0.29136	0.10525	0.87808	0.82258
ENCSR441MMO	0	0.24910	0.07752	0.69491	0.67806
ENCSR641KNU	0	0.64550	0.25249	0.71556	0.67684
ENCSR768AWY	0	0.22912	0.07798	0.87965	0.81276
ENCSR575VMI	0	0.43308	0.22529	0.71325	0.65549
ENCSR518YYX	0	0.34756	0.14797	0.84482	0.78593
ENCSR436JRE	0	0.33212	0.14661	0.84329	0.78123
ENCSR650FLQ	0	0.44473	0.17193	0.84157	0.81889
ENCSR672MOG	0	0.42541	0.18843	0.90577	0.88285
ENCSR409YCK	0	0.60332	0.19113	0.65108	0.62787
ENCSR189VFC	0	0.66551	0.25434	0.70970	0.65956
ENCSR637MUF	0	0.65398	0.25838	0.73014	0.68375
ENCSR208DMX	0	0.54376	0.28175	0.82736	0.75520
ENCSR308HPZ	0	0.71885	0.33041	0.68870	0.67724
ENCSR618HFT	0	0.13141	0.02397	0.85578	0.73330
ENCSR553LAZ	0	0.85485	0.53956	0.77875	0.72252
ENCSR791BHE	0	0.31188	0.10808	0.79169	0.75777
ENCSR502NDK	0	0.24906	0.06897	0.74564	0.68138
ENCSR152PSA	0	0.62737	0.22825	0.78930	0.74749
ENCSR797FIM	0	0.37545	0.11831	0.92901	0.90046
ENCSR887VUC	0	0.37129	0.13953	0.87728	0.84750
ENCSR035SZE	0	0.24185	0.08861	0.88773	0.85995
ENCSR138UGH	0	0.45059	0.22472	0.84872	0.80259
ENCSR000EQE	0	0.26070	0.08491	0.74367	0.71946
ENCSR591PIX	0	0.74014	0.34369	0.73568	0.70837
ENCSR258IBL	0	0.25891	0.05814	0.75210	0.70292
ENCSR000ENX	0	0.32639	0.08165	0.74532	0.70554
ENCSR855FOP	0	0.33701	0.17484	0.80950	0.70203
ENCSR443YJP	0	0.58646	0.28958	0.69552	0.65954
ENCSR318JAA	0	0.22436	0.04839	0.79751	0.73139
ENCSR206KJN	0	0.24290	0.08249	0.86391	0.82530
ENCSR303JDG	0	0.44069	0.20111	0.80468	0.74146
ENCSR213DBU	0	0.75491	0.34131	0.77661	0.71905
ENCSR058ELM	0	0.28071	0.10962	0.86370	0.79955
ENCSR198JXW	0	0.24207	0.06373	0.75845	0.71210
ENCSR854ZBA	0	0.61229	0.23059	0.72605	0.68928
ENCSR086OGH	0	0.65207	0.25267	0.83159	0.79174
ENCSR310ZGQ	0	0.28935	0.10588	0.82271	0.78146
ENCSR552RKI	0	0.35669	0.14778	0.85413	0.81588
ENCSR326ESM	0	0.65750	0.22160	0.75000	0.71334
ENCSR000EOR	0	0.56827	0.27781	0.64792	0.61248
ENCSR635CAC	0	0.63083	0.23057	0.71468	0.66660
ENCSR684KUG	0	0.61697	0.20981	0.63148	0.60590
ENCSR925LGW	0	0.78299	0.39318	0.77097	0.68964
ENCSR241VGH	0	0.70156	0.30279	0.68848	0.64339
ENCSR659SFK	0	0.73096	0.30216	0.72260	0.70520
ENCSR072UYN	0	0.79349	0.42974	0.75173	0.68732
ENCSR325FWM	0	0.48312	0.21429	0.80926	0.76341
ENCSR703VGI	0	0.20804	0.08396	0.84234	0.78425
ENCSR052AWE	0	0.60184	0.39141	0.59465	0.57411
ENCSR654UYP	0	0.63845	0.22600	0.83662	0.77518
ENCSR976XOY	0	0.25651	0.10686	0.92189	0.89561
ENCSR290AUK	0	0.54600	0.14021	0.77659	0.73744
ENCSR030HFV	0	0.49205	0.26647	0.78605	0.72230
ENCSR014FPY	0	0.20432	0.03553	0.72340	0.71501
ENCSR792QQE	0	0.41130	0.17563	0.85259	0.80330
ENCSR789FJF	0	0.35613	0.13705	0.88951	0.86884
ENCSR732RIC	0	0.37001	0.17824	0.86774	0.83337
ENCSR856NXV	0	0.50998	0.26308	0.67937	0.64478
ENCSR426IEA	0	0.49460	0.25685	0.68569	0.64085
ENCSR414IHC	0	0.32401	0.10309	0.77862	0.74481
ENCSR709PZI	0	0.29044	0.11357	0.90940	0.88716
ENCSR213YPO	0	0.76737	0.39097	0.81587	0.73969
ENCSR456KDF	0	0.32194	0.06292	0.66035	0.62625
ENCSR647AOY	0	0.51642	0.15618	0.86609	0.81778
ENCSR718AAB	0	0.21304	0.04509	0.81088	0.78545
ENCSR269SIA	0	0.52041	0.33129	0.63293	0.57995
ENCSR987GUS	0	0.44067	0.20588	0.82990	0.76166
ENCSR141DMX	0	0.24287	0.05112	0.81615	0.74748
ENCSR956DNB	0	0.63090	0.20646	0.79979	0.74780
ENCSR452OSK	0	0.54850	0.14394	0.83781	0.81575
ENCSR785RIM	0	0.34718	0.12053	0.82580	0.79048
ENCSR295ELC	0	0.21326	0.05719	0.71770	0.67632
ENCSR772HUG	0	0.25405	0.05795	0.80666	0.77712
ENCSR428XAX	0	0.19963	0.05255	0.88004	0.82526
ENCSR765ZML	0	0.26008	0.09908	0.84031	0.75567
ENCSR320SVK	0	0.23447	0.05440	0.80555	0.73582
ENCSR749BWV	0	0.45614	0.23160	0.71073	0.64771
ENCSR540BML	0	0.67368	0.28003	0.82917	0.76551
ENCSR861NUH	0	0.28997	0.06846	0.69704	0.65233
ENCSR187PYY	0	0.23197	0.07485	0.72698	0.68604
ENCSR484UAU	0	0.37082	0.14220	0.81139	0.77689
ENCSR329FAP	0	0.37831	0.14069	0.87569	0.84369
ENCSR563XRP	0	0.22518	0.03992	0.65357	0.61825
ENCSR594TMY	0	0.61102	0.21695	0.75063	0.70128
ENCSR437KLY	0	0.22433	0.06020	0.68989	0.67054
ENCSR306LNA	0	0.36850	0.16536	0.90971	0.88856
ENCSR167XSQ	0	0.32357	0.08381	0.74266	0.68716
ENCSR597UIG	0	0.38952	0.17538	0.90663	0.87576
ENCSR649XRC	0	0.16590	0.03920	0.86406	0.75174
ENCSR832THJ	0	0.17280	0.05042	0.89067	0.78912
ENCSR845CFB	0	0.53476	0.31025	0.72007	0.63943
ENCSR221ROM	0	0.27492	0.08992	0.89130	0.86585
ENCSR951MYM	0	0.28613	0.09153	0.87939	0.82288
ENCSR901IEQ	0	0.59374	0.15156	0.72742	0.69737
ENCSR000EMM	0	0.18977	0.03983	0.77101	0.76073
ENCSR411NFB	0	0.72207	0.29368	0.75670	0.72301
ENCSR070CMW	0	0.31106	0.13901	0.88619	0.85354
ENCSR663MNQ	0	0.35484	0.13552	0.85665	0.81901
ENCSR498FCF	0	0.30747	0.12923	0.88202	0.84036
ENCSR597URK	0	0.25359	0.09254	0.85503	0.79078
ENCSR210NKB	0	0.53920	0.16475	0.86142	0.83999
ENCSR497NLU	0	0.30478	0.11721	0.84775	0.80330
ENCSR212VEN	0	0.47830	0.22942	0.73316	0.68660
ENCSR940QJU	0	0.40876	0.07364	0.76714	0.75013
ENCSR328UMC	0	0.22651	0.07124	0.84942	0.82284
ENCSR053ZKP	0	0.49136	0.23522	0.82138	0.77749
ENCSR171ADO	0	0.28268	0.08152	0.73171	0.69378
ENCSR426KLJ	0	0.37493	0.13368	0.89487	0.88099
ENCSR548KXH	0	0.22244	0.06163	0.87229	0.79548
ENCSR837ZSS	0	0.21321	0.05903	0.87927	0.79431
ENCSR000EMI	0	0.27169	0.07567	0.78624	0.67574
ENCSR688DKY	0	0.17486	0.04559	0.88719	0.76541
ENCSR342OGI	0	0.28742	0.09809	0.83940	0.79110
ENCSR197ZNW	0	0.26607	0.08319	0.90701	0.88182
ENCSR759UNY	0	0.52688	0.28314	0.74957	0.69305
ENCSR039ZVQ	0	0.20784	0.04848	0.81494	0.76136
ENCSR000EQN	0	0.42285	0.10562	0.63302	0.60183
ENCSR634YVQ	0	0.36099	0.15371	0.79226	0.74831
ENCSR689SDA	0	0.62277	0.23324	0.77462	0.75190
ENCSR923BEY	0	0.34086	0.12360	0.91299	0.88855
ENCSR511GQA	0	0.21173	0.03505	0.72173	0.65699
ENCSR564FZH	0	0.41274	0.16741	0.80691	0.76366
ENCSR260LAN	0	0.77296	0.39069	0.76598	0.73216
ENCSR386BOX	0	0.33885	0.15537	0.85454	0.80569
ENCSR261RWJ	0	0.40517	0.15421	0.84742	0.80789
ENCSR512FHU	0	0.63038	0.22967	0.72973	0.68206
ENCSR706IDL	0	0.39100	0.27016	0.64505	0.62008
ENCSR200OML	0	0.74242	0.30833	0.77432	0.72735
ENCSR000ELY	0	0.38534	0.08872	0.65336	0.60578
ENCSR555ZDH	0	0.87114	0.54330	0.84076	0.76590
ENCSR000EOB	0	0.54400	0.26820	0.66264	0.61256
ENCSR223XND	0	0.31128	0.13506	0.83704	0.76318
ENCSR551CSY	0	0.79643	0.42599	0.80141	0.72973
ENCSR404LLJ	0	0.69485	0.28708	0.80318	0.71443
ENCSR174SUM	0	0.78861	0.37543	0.70549	0.66589
ENCSR325NFE	0	0.83879	0.52292	0.79227	0.72635
ENCSR840QLA	0	0.28100	0.07510	0.82457	0.77035
ENCSR954BDA	0	0.66838	0.26381	0.68848	0.64853
ENCSR607EJV	0	0.37608	0.15536	0.85349	0.82010
ENCSR518JGY	0	0.35076	0.09431	0.67609	0.63709
ENCSR201FIW	0	0.58020	0.18670	0.72810	0.70108
ENCSR903SKE	0	0.47125	0.26446	0.77473	0.65533
ENCSR639VTO	0	0.43217	0.19479	0.86143	0.82199
ENCSR800ADR	0	0.40822	0.18427	0.89329	0.85928
ENCSR376YMU	0	0.62079	0.24593	0.73778	0.68869
ENCSR345NVR	0	0.63466	0.23112	0.68946	0.66006
ENCSR000EMZ	0	0.59938	0.28477	0.69014	0.68592
ENCSR579DBA	0	0.34614	0.11062	0.83174	0.78789
ENCSR704VZY	0	0.81007	0.46178	0.82509	0.75675
ENCSR439TZT	0	0.73146	0.32487	0.77886	0.70197
ENCSR903WVU	0	0.79040	0.35967	0.73561	0.70983
ENCSR344FLH	0	0.27570	0.05485	0.74669	0.69036
ENCSR218FSP	0	0.57677	0.31192	0.81063	0.77253
ENCSR891VOV	0	0.22721	0.06442	0.81831	0.79367
ENCSR649MJI	0	0.29902	0.08120	0.90323	0.85526
ENCSR614JAG	0	0.79095	0.39540	0.74566	0.72980
ENCSR146KFX	0	0.28599	0.10595	0.92563	0.92190
ENCSR532DBH	0	0.37507	0.13005	0.85443	0.83570
ENCSR357PMV	0	0.25133	0.06320	0.78455	0.72173
ENCSR400ISH	0	0.64826	0.23597	0.72835	0.68895
ENCSR000ENQ	0	0.54187	0.26157	0.72226	0.67932
ENCSR204SMO	0	0.64406	0.21790	0.81974	0.74192
ENCSR438USP	0	0.23956	0.06194	0.85737	0.79645
