rank	variant_id	chrom	position	ref	alt	r2	is_sentinel	gene_name	cell_type	max_effect	n_layers_affected	convergence	ref_activity	composite	top_layer	top_track	layer_chromatin_accessibility	layer_tf_binding	layer_histone_marks	layer_tss_activity
1	rs12740374	chr1	109274968	G	T	1.0	True	SORT1	HepG2	3.028625076619416	4	1.0	7450.1435546875	0.9825626379753014	tf_binding	CHIP_TF/EFO:0001187 TF ChIP-seq CEBPB/.	1.3950994725888588	3.028625076619416	1.334399911745112	1.5521193154398005
2	rs142678968	chr1	109275536	C	T	0.9509	False	SORT1	HepG2	-0.12521722409955968	1	1.0	6945.217964172363	0.44123226600714194	tss_activity	CAGE/hCAGE EFO:0001187/+	0.00928465127531347	0.008490033149224389	0.00010453933129386753	-0.12521722409955968
3	rs1624712	chr1	109275908	C	T	1.0	False	SORT1	HepG2	0.1417952732322206	1	1.0	5550.520401000977	0.40104180842321835	chromatin_accessibility	DNASE/EFO:0001187 DNase-seq/.	0.1417952732322206	0.0490444254930429	0.035116995633403154	0.08116448632888662
4	rs660240	chr1	109275216	T	C	0.9509	False	SORT1	HepG2	0.03589420560474152	0	0.0	8027.487060546875	0.20100338681859678	tss_activity	CAGE/hCAGE EFO:0001187/-	0.011433244695310948	0.009038056440288614	-0.0003679171306874326	0.03589420560474152
5	rs7528419	chr1	109274570	A	G	1.0	False	SORT1	HepG2	-0.07054177893096937	0	0.0	7704.09748840332	0.19527655085487935	tss_activity	CAGE/hCAGE EFO:0001187/-	-0.06529216821926104	-0.01689577588909877	-0.02502973798476192	-0.07054177893096937
6	rs1626484	chr1	109275684	G	T	1.0	False	SORT1	HepG2	-0.0609245802378473	0	0.0	6068.728538513184	0.1447624026354563	chromatin_accessibility	DNASE/EFO:0001187 DNase-seq/.	-0.0609245802378473	-0.023391848354228487	-0.02045556845280136	-0.03202060687272759
7	rs602633	chr1	109278889	T	G	0.8582	False	SORT1	HepG2	0.06357230731064359	0	0.0	2095.554672241211	0.025070386603370052	chromatin_accessibility	DNASE/EFO:0001187 DNase-seq/.	0.06357230731064359	0.020348645391802384	-8.645363543486905e-05	-0.011929098517587266
8	rs56960352	chr1	109278685	G	T	0.907	False	SORT1	HepG2	-0.04258674663985736	0	0.0	1989.0657424926758	0.01940690172909611	chromatin_accessibility	DNASE/EFO:0001187 DNase-seq/.	-0.04258674663985736	-0.015159807171005776	-0.007504044406510867	0.010004582440928366
9	rs4970836	chr1	109279175	G	A	0.907	False	SORT1	HepG2	0.08367840812339604	0	0.0	1649.6190440654755	0.013946572220828991	tss_activity	CAGE/hCAGE EFO:0001187/-	-0.0248619181243002	-0.00638967528909939	0.00819311845476895	0.08367840812339604
10	rs1277930	chr1	109279521	G	A	0.907	False	SORT1	HepG2	0.09971760157249927	0	0.0	1412.184606552124	0.008645805883625811	tss_activity	CAGE/hCAGE EFO:0001187/-	-0.011047068592221314	-0.02875030913576246	-0.00025659316046104143	0.09971760157249927
11	rs599839	chr1	109279544	G	A	0.907	False	SORT1	HepG2	-0.027289919505200235	0	0.0	1405.5736651420593	0.0	tss_activity	CAGE/hCAGE EFO:0001187/-	-0.005815500049743955	-0.006189177406798843	-0.004909767550172155	-0.027289919505200235
