rank	variant_id	chrom	position	ref	alt	kind	r2	is_sentinel	gene_name	cell_type	max_effect	n_layers_affected	convergence	ref_activity	composite	top_layer	top_track	layer_chromatin_accessibility	layer_tf_binding	layer_histone_marks	layer_tss_activity
1	rs12740374	chr1	109274968	G	T	snv	1.0	True	SORT1	HepG2	3.0501017426840806	4	1.0	8188.878356933594	0.9768988179642926	tf_binding	CHIP_TF/EFO:0001187 TF ChIP-seq CEBPB/.	1.3309542324560761	3.0501017426840806	1.2575240244124997	1.5025024783801038
2	rs1624712	chr1	109275908	C	T	snv	1.0	False	SORT1	HepG2	0.1293813537940701	1	1.0	6116.067092895508	0.39856185301759284	chromatin_accessibility	DNASE/EFO:0001187 DNase-seq/.	0.1293813537940701	0.035972888730537965	0.030049896924878132	0.08870308099103004
3	rs7528419	chr1	109274570	A	G	snv	1.0	False	SORT1	HepG2	-0.0681248080412479	0	0.0	9070.94839477539	0.20639090895731246	tss_activity	CAGE/hCAGE EFO:0001187/-	-0.05684939738710352	0.008528271381385118	-0.017330120601432304	-0.0681248080412479
4	rs660240	chr1	109275216	T	C	snv	0.9509	False	SORT1	HepG2	0.024629114474768437	0	0.0	8631.807525634766	0.18987797641962498	tss_activity	CAGE/hCAGE EFO:0001187/-	0.006073036718577251	0.012905984196937252	-0.005487821334319157	0.024629114474768437
5	rs142678968	chr1	109275536	C	T	snv	0.9509	False	SORT1	HepG2	-0.09733075347269471	0	0.0	7438.326972961426	0.16699834462789678	tss_activity	CAGE/hCAGE EFO:0001187/+	0.016799114077612445	-0.006805177905114442	0.000781260448735058	-0.09733075347269471
6	rs1626484	chr1	109275684	G	T	snv	1.0	False	SORT1	HepG2	-0.05945548508806191	0	0.0	6769.019256591797	0.14510503681090536	chromatin_accessibility	DNASE/EFO:0001187 DNase-seq/.	-0.05945548508806191	-0.010341944221458987	-0.02245989291087258	0.030536240235451345
7	rs602633	chr1	109278889	T	G	snv	0.8582	False	SORT1	HepG2	0.07904412458416564	0	0.0	2186.460331916809	0.02734619711734569	chromatin_accessibility	DNASE/EFO:0001187 DNase-seq/.	0.07904412458416564	0.023243000512075177	0.006282660805990722	0.008184593091910794
8	rs56960352	chr1	109278685	G	T	snv	0.907	False	SORT1	HepG2	-0.04204854773860667	0	0.0	1999.776466369629	0.018194046518322585	chromatin_accessibility	DNASE/EFO:0001187 DNase-seq/.	-0.04204854773860667	-0.01512448955846456	-0.0045465026940452865	0.006563609784087259
9	rs4970836	chr1	109279175	G	A	snv	0.907	False	SORT1	HepG2	0.051887914667932654	0	0.0	1684.1187405586243	0.011060830480388001	tss_activity	CAGE/hCAGE EFO:0001187/-	-0.02346404225167325	-0.007427017900069247	0.008985450817767056	0.051887914667932654
10	rs1277930	chr1	109279521	G	A	snv	0.907	False	SORT1	HepG2	0.09622610168061745	0	0.0	1481.1111145019531	0.010853142369457149	tss_activity	CAGE/hCAGE EFO:0001187/-	-0.00801136326213971	-0.029013126670466807	0.0012226229891800413	0.09622610168061745
11	rs599839	chr1	109279544	G	A	snv	0.907	False	SORT1	HepG2	-0.012661947485732484	0	0.0	1434.3691368103027	0.0	tss_activity	CAGE/hCAGE EFO:0001187/+	-0.006916187276205096	-0.0073419753411680735	-0.00493662307472742	-0.012661947485732484
