allele	layer	assay_id	region_label	assay_type	cell_type	ref_value	alt_value	raw_score	quantile_score	ref_signal_percentile	note
insertion	chromatin_accessibility	DNASE/EFO:0002067 DNase-seq/.		DNASE	K562	24.403953552246094	484.42681884765625	4.256128874149081	1.0	0.7637	
insertion	histone_marks	CHIP_HISTONE/EFO:0002067 Histone ChIP-seq H3K27ac/.		CHIP	K562	3227.0	7967.0	1.3035770687903006	1.0	0.8734	
insertion	tss_activity	CAGE/hCAGE EFO:0002067/+	variant site	CAGE	K562	0.37959766387939453	0.5983114242553711	0.21230094776533395	0.9638	0.6298	
insertion	tss_activity	CAGE/hCAGE EFO:0002067/+	PPP1R12C TSS	CAGE	K562	17.335159301757812	13.076606750488281	-0.3813131950105515	0.9853	0.9114	
insertion	tss_activity	CAGE/hCAGE EFO:0002067/+	TNNT1 TSS	CAGE	K562	59.835784912109375	41.442481994628906	-0.5194111713818801	0.991	0.9425	
insertion	tss_activity	CAGE/hCAGE EFO:0002067/+	EPS8L1 TSS	CAGE	K562	253.0232391357422	235.1801300048828	-0.10507289204236181	0.9171	0.9588	
insertion	tss_activity	CAGE/hCAGE EFO:0002067/+	TNNI3 TSS	CAGE	K562	45.53620147705078	33.635066986083984	-0.4261199913100058	0.9875	0.9369	
insertion	tss_activity	CAGE/hCAGE EFO:0002067/+	ENSG00000267110 TSS	CAGE	K562	45.42033004760742	8.311531066894531	-2.3176664698672984	0.9999	0.9368	
insertion	tss_activity	CAGE/hCAGE EFO:0002067/+	DNAAF3 TSS	CAGE	K562	13.967826843261719	66.56950378417969	2.1745074864862186	0.9999	0.9054	
insertion	tss_activity	CAGE/hCAGE EFO:0002067/+	RDH13 TSS	CAGE	K562	7.4663238525390625	7.803094863891602	0.056275139176183216	0.8495	0.8811	
insertion	tss_activity	CAGE/hCAGE EFO:0002067/+	SYT5 TSS	CAGE	K562	2.356387138366699	3.174009323120117	0.31452469165403296	0.9785	0.8182	
insertion	tss_activity	CAGE/hCAGE EFO:0002067/+	PTPRH TSS	CAGE	K562	6.434253692626953	5.373019695281982	-0.2222108014747432	0.966	0.8769	
insertion	tss_activity	CAGE/hCAGE EFO:0002067/+	GP6 TSS	CAGE	K562	101.41412353515625	97.81727600097656	-0.05157949345818301	0.8377	0.9504	
insertion	tss_activity	CAGE/hCAGE EFO:0002067/+	TMEM86B TSS	CAGE	K562	3.9031620025634766	2.0413742065429688	-0.6889890951464556	0.994	0.8547	
insertion	tss_activity	CAGE/hCAGE EFO:0002067/+	PPP6R1 TSS	CAGE	K562	30.785781860351562	66.9800033569336	1.0967288571277005	0.9977	0.9295	
insertion	tss_activity	CAGE/hCAGE EFO:0002067/+	NLRP2 TSS	CAGE	K562	305.12640380859375	384.7463684082031	0.333525090079087	0.981	0.9607	
insertion	tss_activity	CAGE/hCAGE EFO:0002067/+	HSPBP1 TSS	CAGE	K562	79.03412628173828	52.81604766845703	-0.5725788503185705	0.9919	0.9476	
insertion	tss_activity	CAGE/hCAGE EFO:0002067/+	NLRP7 TSS	CAGE	K562	305.2268371582031	384.8747863769531	0.33353205562940413	0.981	0.9607	
insertion	tss_activity	CAGE/hCAGE EFO:0002067/+	BRSK1 TSS	CAGE	K562	57.424415588378906	67.6227798461914	0.23211617134433968	0.9679	0.9421	
insertion	tss_activity	CAGE/hCAGE EFO:0002067/+	NCR1 TSS	CAGE	K562	408.8897399902344	326.3607177734375	-0.3243546646522593	0.9793	0.9619	
insertion	tss_activity	CAGE/hCAGE EFO:0002067/+	TMEM150B TSS	CAGE	K562	0.2653830647468567	0.37030792236328125	0.11492592532624717	0.9254	0.5674	
insertion	tss_activity	CAGE/hCAGE EFO:0002067/+	KMT5C TSS	CAGE	K562	2267.12353515625	21.938770294189453	-6.627567356564202	1.0	0.979	
insertion	tss_activity	CAGE/hCAGE EFO:0002067/+	FCAR TSS	CAGE	K562	15.452054977416992	13.880382537841797	-0.14485618293163696	0.9452	0.9083	
insertion	tss_activity	CAGE/hCAGE EFO:0002067/+	COX6B2 TSS	CAGE	K562	12.22382926940918	11.927902221679688	-0.03265181184681811	0.7601	0.9015	
insertion	tss_activity	CAGE/hCAGE EFO:0002067/+	ENSG00000267706 TSS	CAGE	K562	0.29059362411499023	0.3243594169616699	0.03725990396132925	0.7817	0.5846	
insertion	tss_activity	CAGE/hCAGE EFO:0002067/+	GARIN5B TSS	CAGE	K562	0.1419895887374878	0.12463045120239258	-0.022098482194393324	0.6876	0.4039	
insertion	tss_activity	CAGE/hCAGE EFO:0002067/+	IL11 TSS	CAGE	K562	1.6795990467071533	6.302436828613281	1.4463608290058458	0.9988	0.793	
insertion	tss_activity	CAGE/hCAGE EFO:0002067/+	KIR3DL2 TSS	CAGE	K562	24.04772186279297	19.932945251464844	-0.2589040814647328	0.9715	0.9231	
insertion	tss_activity	CAGE/hCAGE EFO:0002067/+	TMEM190 TSS	CAGE	K562	65.26463317871094	14.178949356079102	-2.1261671442742274	0.9998	0.9436	
insertion	tss_activity	CAGE/hCAGE EFO:0002067/+	TMEM238 TSS	CAGE	K562	11.78354263305664	118.08940124511719	3.2196854185318164	1.0	0.9003	
insertion	tss_activity	CAGE/hCAGE EFO:0002067/+	KIR2DS4 TSS	CAGE	K562	8.073873519897461	7.938878059387207	-0.02162478363971217	0.6828	0.8839	
insertion	tss_activity	CAGE/hCAGE EFO:0002067/+	RPL28 TSS	CAGE	K562	70624.9140625	140.8762664794922	-8.959420553225877	1.0	1.0	
insertion	tss_activity	CAGE/hCAGE EFO:0002067/+	UBE2S TSS	CAGE	K562	38.963645935058594	6.871025085449219	-2.3440647651395925	0.9999	0.9345	
insertion	tss_activity	CAGE/hCAGE EFO:0002067/+	KIR3DL1 TSS	CAGE	K562	22.813199996948242	21.243896484375	-0.09835197327810777	0.9115	0.9213	
insertion	tss_activity	CAGE/hCAGE EFO:0002067/+	KIR2DL4 TSS	CAGE	K562	8.067956924438477	8.502017974853516	0.06745639802680989	0.8723	0.8839	
insertion	tss_activity	CAGE/hCAGE EFO:0002067/+	SHISA7 TSS	CAGE	K562	0.45069968700408936	0.5809333324432373	0.1240276365166712	0.9306	0.6584	
insertion	tss_activity	CAGE/hCAGE EFO:0002067/+	KIR2DL1 TSS	CAGE	K562	21.144859313964844	21.392784118652344	0.016062079322724278	0.6233	0.9185	
insertion	tss_activity	CAGE/hCAGE EFO:0002067/+	ISOC2 TSS	CAGE	K562	5.811126708984375	72.05879211425781	3.4230925253941114	1.0	0.8727	
insertion	tss_activity	CAGE/hCAGE EFO:0002067/+	C19orf85 TSS	CAGE	K562	0.5247383117675781	0.46875619888305664	-0.05396671605287227	0.8435	0.6811	
insertion	tss_activity	CAGE/hCAGE EFO:0002067/+	ZNF628 TSS	CAGE	K562	2104.913330078125	6.858415603637695	-8.06599187858649	1.0	0.9783	
insertion	tss_activity	CAGE/hCAGE EFO:0002067/+	KIR2DL3 TSS	CAGE	K562	12.962950706481934	14.006277084350586	0.10396225249122994	0.9162	0.9034	
insertion	tss_activity	CAGE/hCAGE EFO:0002067/+	NAT14 TSS	CAGE	K562	2383.177978515625	42.064483642578125	-5.790849593576811	1.0	0.9794	
insertion	tss_activity	CAGE/hCAGE EFO:0002067/+	KIR3DL3 TSS	CAGE	K562	21.16554832458496	18.25787353515625	-0.20287064308845756	0.9623	0.9186	
insertion	tss_activity	CAGE/hCAGE EFO:0002067/+	SSC5D TSS	CAGE	K562	105.74905395507812	14.76498794555664	-2.759427312267725	1.0	0.9516	
insertion	tss_activity	CAGE/hCAGE EFO:0002067/+	SBK2 TSS	CAGE	K562	1.9555749893188477	0.7944681644439697	-0.719882496729624	0.9944	0.8053	
insertion	tss_activity	CAGE/hCAGE EFO:0002067/+	SBK3 TSS	CAGE	K562	4.380544662475586	7.502119064331055	0.660070241235601	0.9937	0.8594	
insertion	tss_activity	CAGE/hCAGE EFO:0002067/+	LILRB4 TSS	CAGE	K562	84.52165222167969	104.24836730957031	0.2994362229609746	0.9759	0.9482	
insertion	tss_activity	CAGE/hCAGE EFO:0002067/+	ZNF579 TSS	CAGE	K562	7.839223861694336	11.665960311889648	0.5189648611392669	0.991	0.8829	
insertion	tss_activity	CAGE/hCAGE EFO:0002067/+	FIZ1 TSS	CAGE	K562	64.25792694091797	116.89115142822266	0.8532303748838641	0.9961	0.9434	
insertion	tss_activity	CAGE/hCAGE EFO:0002067/+	ZNF524 TSS	CAGE	K562	796.7968139648438	94.74081420898438	-3.05881538163359	1.0	0.968	
insertion	tss_activity	CAGE/hCAGE EFO:0002067/+	LILRB1 TSS	CAGE	K562	18.369230270385742	16.61483383178711	-0.13697575730561656	0.9403	0.9134	
insertion	tss_activity	CAGE/hCAGE EFO:0002067/+	ZNF865 TSS	CAGE	K562	1685.9344482421875	125.9708023071289	-3.7318352298118636	1.0	0.9743	
insertion	tss_activity	CAGE/hCAGE EFO:0002067/+	ZNF784 TSS	CAGE	K562	24.699752807617188	7.85670280456543	-1.5369128692317156	0.9989	0.9244	
insertion	tss_activity	CAGE/hCAGE EFO:0002067/+	LILRA1 TSS	CAGE	K562	31.455219268798828	22.6039981842041	-0.4594192506485559	0.989	0.9298	
insertion	tss_activity	CAGE/hCAGE EFO:0002067/+	ZNF581 TSS	CAGE	K562	14.727989196777344	521.0101928710938	5.05267183646268	1.0	0.9071	
